timestamp,open,high,low,close,volume
30-04-2019 05:59,260.2,260.45,259.2,260.45,10387
30-04-2019 05:58,260.5,260.6,259.6,260.15,23368
30-04-2019 05:57,260.6,260.75,260.4,260.55,29400
30-04-2019 05:56,260.8,260.9,260.35,260.55,39370
30-04-2019 05:55,261,261.05,260.8,260.9,43691
30-04-2019 05:54,260.6,260.9,260.55,260.8,18948
30-04-2019 05:53,260.55,260.75,260.45,260.6,18527
30-04-2019 05:52,260.4,260.8,260.25,260.55,45231
30-04-2019 05:51,260,260.7,259.95,260.4,32915
30-04-2019 05:50,260.15,260.4,260.1,260.35,25841
30-04-2019 05:49,260.2,260.5,260.1,260.1,33195
30-04-2019 05:48,259.6,260.4,259.55,260.2,38545
30-04-2019 05:47,259.65,259.9,259.25,259.55,55433
30-04-2019 05:46,261.1,261.1,259.9,259.9,91568
30-04-2019 05:45,261.45,261.5,261.05,261.1,45393
30-04-2019 05:44,261.1,261.5,261.1,261.5,40475
30-04-2019 05:43,260.95,261.2,260.9,261.2,32200
30-04-2019 05:42,260.85,261,260.6,260.8,22706
30-04-2019 05:41,260.8,260.95,260.7,260.85,56414
30-04-2019 05:40,261.2,261.3,261,261,32793
30-04-2019 05:39,260.75,261.3,260.65,261.2,45118
30-04-2019 05:38,261,261.2,260.7,260.7,37397
30-04-2019 05:37,260.5,261,260.25,260.95,39724
30-04-2019 05:36,260.6,260.7,260.3,260.7,39636
30-04-2019 05:35,260.3,260.9,260.3,260.7,54253
30-04-2019 05:34,259.4,260.4,259.4,260.4,39185
30-04-2019 05:33,259.45,259.5,259.1,259.4,34032
30-04-2019 05:32,259.75,259.9,259.4,259.6,42155
30-04-2019 05:31,259.55,259.75,259.4,259.65,43226
30-04-2019 05:30,259.4,259.65,259.4,259.55,37728
30-04-2019 05:29,259.25,259.5,259.1,259.45,30251
30-04-2019 05:28,259.05,259.5,259,259.25,60904
30-04-2019 05:27,259.2,259.3,258.75,258.9,50405
30-04-2019 05:26,258.4,259.2,258.3,259.2,49144
30-04-2019 05:25,258.05,258.55,257.75,258.4,45606
30-04-2019 05:24,258.2,258.2,257.85,258,47634
30-04-2019 05:23,257.95,258.35,257.95,258.15,51049
30-04-2019 05:22,257.5,258.45,257.5,258,106774
30-04-2019 05:21,257.25,257.6,257.25,257.5,50106
30-04-2019 05:20,256.85,257.4,256.75,257.25,43102
30-04-2019 05:19,256.7,256.9,256.7,256.9,17018
30-04-2019 05:18,256.55,256.95,256.5,256.65,21441
30-04-2019 05:17,255.85,256.8,255.85,256.7,51486
30-04-2019 05:16,255.6,256.05,255.25,256.05,29443
30-04-2019 05:15,255.6,255.65,255.5,255.55,3276
30-04-2019 05:14,255.55,255.65,255.5,255.65,1146
30-04-2019 05:13,255.6,255.75,255.5,255.5,7957
30-04-2019 05:12,255.6,255.85,255.5,255.5,13713
30-04-2019 05:11,255.75,255.85,255.6,255.7,35792
30-04-2019 05:10,256,256.2,255.7,255.7,11239
30-04-2019 05:09,255.95,255.95,255.8,255.95,6370
30-04-2019 05:08,255.85,255.95,255.8,255.9,3391
30-04-2019 05:07,255.7,255.95,255.6,255.85,12395
30-04-2019 05:06,256.2,256.2,255.8,255.9,11374
30-04-2019 05:05,256.25,256.5,256,256.3,9452
30-04-2019 05:04,256.35,256.4,256.1,256.2,6905
30-04-2019 05:03,256.1,256.6,256,256.1,16384
30-04-2019 05:02,256.5,256.5,256,256,6640
30-04-2019 05:01,256.8,256.8,256.5,256.6,3971
30-04-2019 05:00,256.6,257.05,256.6,256.7,8311
30-04-2019 04:59,256.65,256.8,256.55,256.6,1677
30-04-2019 04:58,256.75,256.9,256.55,256.8,4561
30-04-2019 04:57,256.95,257.1,256.85,256.9,4650
30-04-2019 04:56,256.6,257.1,256.6,257.05,16014
30-04-2019 04:55,256.65,256.65,256.25,256.3,2563
30-04-2019 04:54,256.45,256.7,256.4,256.6,2975
30-04-2019 04:53,256.6,256.65,256.25,256.45,4323
30-04-2019 04:52,256.6,256.7,256.4,256.5,4541
30-04-2019 04:51,256.5,256.7,256.05,256.55,12903
30-04-2019 04:50,256.95,257,256.5,256.6,28407
30-04-2019 04:49,257,257.05,256.8,256.85,3635
30-04-2019 04:48,256.6,257.15,256.15,257,25676
30-04-2019 04:47,256.25,256.5,256.1,256.45,4216
30-04-2019 04:46,256.5,256.5,255.9,256.25,8037
30-04-2019 04:45,256.65,256.7,256.45,256.6,5681
30-04-2019 04:44,256.35,256.65,256.2,256.65,10514
30-04-2019 04:43,256.35,256.5,256.15,256.4,2226
30-04-2019 04:42,256.65,256.7,256.15,256.5,9543
30-04-2019 04:41,256.4,256.7,256.05,256.6,15364
30-04-2019 04:40,256.1,256.4,256.1,256.3,10628
30-04-2019 04:39,256,256.1,255.7,256.05,13938
30-04-2019 04:38,256.8,256.8,255.7,256,15917
30-04-2019 04:37,256.6,256.8,256.45,256.65,20421
30-04-2019 04:36,256.2,256.7,256,256.55,30631
30-04-2019 04:35,255.65,256.3,255.65,256.2,21698
30-04-2019 04:34,255.3,256,255.2,255.65,31248
30-04-2019 04:33,255,255.3,255,255.25,13483
30-04-2019 04:32,255.2,255.3,254.85,255,8443
30-04-2019 04:31,254.85,255,254.75,255,14824
30-04-2019 04:30,255.5,255.55,254.65,254.7,76063
30-04-2019 04:29,255.6,255.75,255.35,255.5,19938
30-04-2019 04:28,255.45,255.95,255.4,255.8,18237
30-04-2019 04:27,255.65,255.75,255.35,255.4,16706
30-04-2019 04:26,256.1,256.15,255.4,255.4,31600
30-04-2019 04:25,256.3,256.3,256,256.2,10325
30-04-2019 04:24,256.25,256.4,256.05,256.2,21442
30-04-2019 04:23,256.25,256.45,256.1,256.4,9769
30-04-2019 04:22,256,256.35,256,256.1,15524
30-04-2019 04:21,256.05,256.25,255.75,256,17134
30-04-2019 04:20,256.5,256.7,255.8,256,60342
30-04-2019 04:19,256.6,256.85,256.55,256.65,5612
30-04-2019 04:18,256.5,256.75,256.4,256.75,8461
30-04-2019 04:17,256.5,256.7,256.35,256.5,16123
30-04-2019 04:16,256.8,256.8,256.4,256.5,9433
30-04-2019 04:15,256.8,256.9,256.6,256.75,5329
30-04-2019 04:14,256.7,256.95,256.6,256.9,16209
30-04-2019 04:13,257.25,257.25,256.3,256.7,47703
30-04-2019 04:12,257.35,257.45,257.2,257.35,4381
30-04-2019 04:11,257.35,257.45,257.15,257.45,5991
30-04-2019 04:10,257.45,257.5,257.35,257.45,4277
30-04-2019 04:09,257.55,257.65,257.35,257.45,8290
30-04-2019 04:08,257.6,257.65,257.5,257.5,6485
30-04-2019 04:07,257.55,257.6,257.3,257.55,4009
30-04-2019 04:06,257.5,257.6,257.3,257.55,898
30-04-2019 04:05,257.3,257.55,257.3,257.5,4111
30-04-2019 04:04,257.25,257.35,257.15,257.25,1434
30-04-2019 04:03,257.05,257.35,256.85,257.3,11604
30-04-2019 04:02,257.45,257.45,256.7,257.05,22522
30-04-2019 04:01,257.55,257.6,257.45,257.6,3570
30-04-2019 04:00,257.75,257.75,257.6,257.75,3064
30-04-2019 03:59,257.8,257.85,257.55,257.85,8325
30-04-2019 03:58,257.45,257.8,257.45,257.8,1337
30-04-2019 03:57,257.8,257.8,257.3,257.45,7402
30-04-2019 03:56,257.6,257.85,257.5,257.75,8836
30-04-2019 03:55,257.6,257.6,257.3,257.5,5205
30-04-2019 03:54,257.45,257.65,257.4,257.65,3687
30-04-2019 03:53,257.8,257.95,257.55,257.55,5905
30-04-2019 03:52,257.6,257.9,257.5,257.85,8664
30-04-2019 03:51,257.55,257.6,257.5,257.6,2004
30-04-2019 03:50,257.7,257.8,257.6,257.7,4161
30-04-2019 03:49,257.8,257.85,257.65,257.75,1964
30-04-2019 03:48,257.6,257.8,257.55,257.8,4456
30-04-2019 03:47,257.65,257.8,257.55,257.7,2016
30-04-2019 03:46,257.45,257.85,257.4,257.75,3564
30-04-2019 03:45,257.5,257.6,257.45,257.45,1507
30-04-2019 03:44,257.6,257.65,257.4,257.45,6647
30-04-2019 03:43,257.65,257.7,257.45,257.65,1208
30-04-2019 03:42,257.3,257.65,257.3,257.65,1772
30-04-2019 03:41,257.2,257.3,257.05,257.15,6817
30-04-2019 03:40,257.35,257.35,257,257.3,20549
30-04-2019 03:39,257.35,257.65,257.35,257.5,11274
30-04-2019 03:38,257.75,258.15,257.2,257.45,13510
30-04-2019 03:37,258,258.2,257.75,257.75,5622
30-04-2019 03:36,257.75,258,257.6,258,6436
30-04-2019 03:35,257.7,257.8,257.7,257.8,1348
30-04-2019 03:34,257.95,258,257.7,258,2402
30-04-2019 03:33,257.6,257.95,257.6,257.95,1613
30-04-2019 03:32,257.7,257.75,257.5,257.7,4197
30-04-2019 03:31,257.7,258,257.65,257.8,2126
30-04-2019 03:30,257.65,257.75,257.45,257.65,4617
30-04-2019 03:29,257.9,257.9,257.45,257.65,7201
30-04-2019 03:28,257.8,258,257.55,257.9,8199
30-04-2019 03:27,258,258,257.4,257.8,12491
30-04-2019 03:26,258.65,258.65,258,258.1,11513
30-04-2019 03:25,258.5,258.75,258.5,258.65,5280
30-04-2019 03:24,258.4,258.55,258.25,258.55,10527
30-04-2019 03:23,258.2,258.55,258.2,258.55,16323
30-04-2019 03:22,258.1,258.25,258,258.15,4914
30-04-2019 03:21,258.2,258.2,258,258.15,17072
30-04-2019 03:20,257.5,258.25,257.5,258.2,50957
30-04-2019 03:19,257.85,257.9,257.5,257.5,3278
30-04-2019 03:18,257.55,257.85,257.4,257.75,1978
30-04-2019 03:17,257.4,257.6,257.35,257.4,4298
30-04-2019 03:16,257.6,257.85,257.5,257.65,10804
30-04-2019 03:15,257.75,257.8,257.45,257.75,8856
30-04-2019 03:14,257.8,258,257.8,257.8,9663
30-04-2019 03:13,257.85,257.95,257.7,257.9,6248
30-04-2019 03:12,257.55,258.05,257.55,257.9,25777
30-04-2019 03:11,257.05,257.4,256.95,257.4,7898
30-04-2019 03:10,257.25,257.45,257,257.15,6515
30-04-2019 03:09,257.4,257.5,256.8,257.25,30648
30-04-2019 03:08,257.55,257.6,257.4,257.6,4120
30-04-2019 03:07,257.45,257.55,257.2,257.55,7018
30-04-2019 03:06,257.85,257.9,257.25,257.4,16637
30-04-2019 03:05,257.6,258.1,257.45,257.85,15509
30-04-2019 03:04,257.2,257.5,257.05,257.45,17304
30-04-2019 03:03,257.65,257.7,256.75,257.1,28705
30-04-2019 03:02,257.25,257.85,256.9,257.65,35766
30-04-2019 03:01,258.45,258.5,256.95,257.05,109846
30-04-2019 03:00,258.2,258.45,258.1,258.45,9755
30-04-2019 02:59,258.7,258.75,258.1,258.3,83520
30-04-2019 02:58,258.65,258.8,258.5,258.55,16068
30-04-2019 02:57,258.9,259.05,258.55,258.65,16264
30-04-2019 02:56,258.9,259,258.9,258.95,9281
30-04-2019 02:55,259.05,259.1,258.85,258.9,2992
30-04-2019 02:54,259.1,259.2,258.9,258.9,6579
30-04-2019 02:53,259.1,259.2,258.9,259.1,5774
30-04-2019 02:52,258.85,259.25,258.85,258.9,30502
30-04-2019 02:51,258.9,259,258.75,258.85,4884
30-04-2019 02:50,258.9,259.05,258.8,258.9,4549
30-04-2019 02:49,258.7,259.1,258.65,259.05,8086
30-04-2019 02:48,258.6,259.05,258.5,258.7,25843
30-04-2019 02:47,258.85,258.95,258.55,258.55,14418
30-04-2019 02:46,259.1,259.1,258.5,258.85,23671
30-04-2019 02:45,259.4,259.4,259.15,259.25,6284
30-04-2019 02:44,259.4,259.5,259.3,259.45,7380
30-04-2019 02:43,259.3,259.6,259.25,259.45,14525
30-04-2019 02:42,259.45,259.55,259.3,259.3,7243
30-04-2019 02:41,259.25,259.45,259.05,259.45,5209
30-04-2019 02:40,259,259.3,258.9,259.05,17701
30-04-2019 02:39,259.05,259.2,258.75,259,22152
30-04-2019 02:38,259,259.05,258.8,259.05,16725
30-04-2019 02:37,259.2,259.2,258.75,259,21516
30-04-2019 02:36,259.4,259.4,259.15,259.2,6743
30-04-2019 02:35,259.4,259.45,259.25,259.4,3645
30-04-2019 02:34,259.5,259.5,259.25,259.45,2996
30-04-2019 02:33,259.45,259.75,259.2,259.5,20704
30-04-2019 02:32,259.25,259.5,259.2,259.45,11400
30-04-2019 02:31,259,259.3,259,259.3,14675
30-04-2019 02:30,260,260,258.85,259.1,50485
30-04-2019 02:29,259.95,260.1,259.75,260,5771
30-04-2019 02:28,259.75,260.1,259.75,260,4917
30-04-2019 02:27,259.9,259.9,259.55,259.85,20311
30-04-2019 02:26,259.85,260.05,259.75,259.9,10712
30-04-2019 02:25,260.05,260.1,259.75,259.9,22659
30-04-2019 02:24,259.9,260.15,259.65,260.15,16109
30-04-2019 02:23,259.85,260.35,259.85,259.9,23201
30-04-2019 02:22,260,260,259.65,259.85,21535
30-04-2019 02:21,259.7,259.95,259.55,259.85,9096
30-04-2019 02:20,260.2,260.65,259.5,259.55,64148
30-04-2019 02:19,260.2,260.55,260.1,260.2,10258
30-04-2019 02:18,260.4,260.55,260.1,260.25,17172
30-04-2019 02:17,260.3,260.4,260.2,260.35,18980
30-04-2019 02:16,260.15,260.6,260.1,260.4,21062
30-04-2019 02:15,260.7,260.8,260.15,260.2,26918
30-04-2019 02:14,261,261,260.6,260.7,34512
30-04-2019 02:13,260.7,261,260.35,261,21455
30-04-2019 02:12,261.3,261.35,260.2,260.75,67042
30-04-2019 02:11,261.8,261.8,261.4,261.4,30080
30-04-2019 02:10,261.85,261.95,261.35,261.8,30544
30-04-2019 02:09,262.25,262.25,261.65,261.85,21036
30-04-2019 02:08,262.45,262.5,262.25,262.25,3032
30-04-2019 02:07,262.35,262.65,262.2,262.4,8513
30-04-2019 02:06,262.55,262.65,262.1,262.4,15754
30-04-2019 02:05,262.8,262.8,262.5,262.55,7426
30-04-2019 02:04,262.85,262.9,262.65,262.7,3635
30-04-2019 02:03,262.5,262.95,262.5,262.9,9646
30-04-2019 02:02,262.7,262.75,262.5,262.5,9838
30-04-2019 02:01,262.85,262.9,262.6,262.7,7102
30-04-2019 02:00,262.85,263.1,262.75,262.75,21286
30-04-2019 01:59,262.95,263,262.75,262.85,10528
30-04-2019 01:58,262.8,263.1,262.8,262.9,3869
30-04-2019 01:57,263.15,263.15,262.75,262.8,2882
30-04-2019 01:56,262.8,263.25,262.7,263.05,13677
30-04-2019 01:55,262.9,263.1,262.85,262.9,11875
30-04-2019 01:54,262.95,263.05,262.8,263,45444
30-04-2019 01:53,262.8,263.1,262.7,262.95,15234
30-04-2019 01:52,262.9,263.35,262.75,262.8,22541
30-04-2019 01:51,262.95,263,262.85,262.9,1986
30-04-2019 01:50,262.85,263,262.8,262.95,4118
30-04-2019 01:49,263,263,262.9,262.9,3888
30-04-2019 01:48,262.9,263,262.8,263,5087
30-04-2019 01:47,263,263,262.9,263,13404
30-04-2019 01:46,263.25,263.25,262.75,263,23913
30-04-2019 01:45,263.4,263.5,263.15,263.2,7366
30-04-2019 01:44,264.1,264.15,263.4,263.4,8872
30-04-2019 01:43,263.9,264.2,263.85,264.15,5586
30-04-2019 01:42,263.65,263.9,263.6,263.7,3237
30-04-2019 01:41,263.35,263.65,263.35,263.65,2120
30-04-2019 01:40,263.65,263.7,263.45,263.45,3090
30-04-2019 01:39,263.75,263.9,263.65,263.75,2523
30-04-2019 01:38,263.75,263.95,263.75,263.95,2037
30-04-2019 01:37,263.8,263.9,263.75,263.9,3562
30-04-2019 01:36,263.8,263.8,263.6,263.75,1802
30-04-2019 01:35,263.9,264.1,263.8,263.8,3865
30-04-2019 01:34,263.95,264.05,263.75,263.75,7022
30-04-2019 01:33,263.65,264.1,263.55,263.85,10959
30-04-2019 01:32,263.75,264,263.75,263.75,4165
30-04-2019 01:31,263.4,263.75,263.4,263.75,2075
30-04-2019 01:30,263.45,263.55,263.15,263.4,7768
30-04-2019 01:29,263.65,263.9,263.45,263.45,7449
30-04-2019 01:28,263.8,263.8,263.65,263.8,6732
30-04-2019 01:27,264.05,264.1,263.6,263.85,15211
30-04-2019 01:26,263.85,264.1,263.85,264.05,3635
30-04-2019 01:25,263.7,263.95,263.7,263.75,3357
30-04-2019 01:24,263.7,264.05,263.7,263.75,4694
30-04-2019 01:23,263.9,264,263.6,263.9,4698
30-04-2019 01:22,264.1,264.15,263.85,264,10380
30-04-2019 01:21,264.1,264.2,263.9,264.1,4885
30-04-2019 01:20,263.85,264.2,263.75,264.1,14873
30-04-2019 01:19,263.95,264.1,263.65,263.9,7474
30-04-2019 01:18,263.8,264,263.65,264,10461
30-04-2019 01:17,263.55,264,263.55,263.85,18212
30-04-2019 01:16,263.55,263.75,263.5,263.55,6751
30-04-2019 01:15,263.7,263.85,263.7,263.75,4435
30-04-2019 01:14,263.6,263.8,263.5,263.7,3128
30-04-2019 01:13,263.4,263.7,263.3,263.6,4527
30-04-2019 01:12,263.6,263.6,263.35,263.55,7001
30-04-2019 01:11,263.5,263.75,263.5,263.7,5316
30-04-2019 01:10,263.35,263.7,263.35,263.5,3684
30-04-2019 01:09,263.1,263.2,262.8,263.2,7737
30-04-2019 01:08,263.15,263.35,263.1,263.25,2435
30-04-2019 01:07,263.2,263.2,263.1,263.1,4092
30-04-2019 01:06,263.3,263.45,263.15,263.35,9925
30-04-2019 01:05,263.55,263.6,263.25,263.3,11211
30-04-2019 01:04,263.55,263.7,263.5,263.6,7909
30-04-2019 01:03,263.5,263.55,263.05,263.5,9923
30-04-2019 01:02,263.1,263.5,263.1,263.5,7401
30-04-2019 01:01,262.95,263.05,262.9,262.95,3616
30-04-2019 01:00,263.15,263.2,262.9,263,5441
30-04-2019 00:59,263.15,263.2,263.05,263.15,4241
30-04-2019 00:58,263.2,263.3,262.85,263.25,8427
30-04-2019 00:57,263.1,263.35,262.9,263.05,4359
30-04-2019 00:56,262.85,263.1,262.5,263,8332
30-04-2019 00:55,262.5,262.85,262.5,262.7,4152
30-04-2019 00:54,263.3,263.3,262.5,262.7,19049
30-04-2019 00:53,263.05,263.5,262.9,263.45,10170
30-04-2019 00:52,262.8,263.15,262.7,263.05,7865
30-04-2019 00:51,262.8,263,262.5,262.9,12053
30-04-2019 00:50,262.85,262.85,262.6,262.65,4490
30-04-2019 00:49,262.7,262.9,262.55,262.9,6213
30-04-2019 00:48,262.15,262.9,262.15,262.85,16169
30-04-2019 00:47,261.65,262.4,261.65,262.4,10014
30-04-2019 00:46,262.05,262.05,261.55,261.65,10629
30-04-2019 00:45,262.45,262.45,261.95,262.2,8988
30-04-2019 00:44,262.3,262.6,262.25,262.45,11939
30-04-2019 00:43,261.55,262.55,261.5,262.5,19280
30-04-2019 00:42,262.3,262.3,261.5,261.55,21545
30-04-2019 00:41,262.4,262.5,262.2,262.5,7627
30-04-2019 00:40,261.6,262.4,261.6,262.35,9833
30-04-2019 00:39,261.4,261.95,261.1,261.75,16615
30-04-2019 00:38,261.25,261.6,261.15,261.55,10907
30-04-2019 00:37,261.95,262,261.15,261.25,21420
30-04-2019 00:36,262.15,262.15,261.7,261.95,11560
30-04-2019 00:35,262.15,262.25,261.75,262.2,15468
30-04-2019 00:34,261.1,262.1,261.1,262,18663
30-04-2019 00:33,261.7,261.85,260.65,261.2,43034
30-04-2019 00:32,262.3,262.55,261.7,261.75,37881
30-04-2019 00:31,263.45,263.45,262.1,262.1,56555
30-04-2019 00:30,264.25,264.25,263.35,263.45,24221
30-04-2019 00:29,264.15,264.3,263.8,264.3,15047
30-04-2019 00:28,264.3,264.3,264,264.15,10034
30-04-2019 00:27,264.7,264.7,264.05,264.45,8333
30-04-2019 00:26,264.4,264.9,264.4,264.6,12510
30-04-2019 00:25,264.2,264.5,264.05,264.5,17303
30-04-2019 00:24,263.7,264.5,263.45,264.35,19161
30-04-2019 00:23,263.5,263.95,263.4,263.8,10496
30-04-2019 00:22,264,264.1,263.45,263.55,18107
30-04-2019 00:21,263.8,264.25,263.5,264,20152
30-04-2019 00:20,264.05,264.05,263.3,263.9,25345
30-04-2019 00:19,264.35,264.45,263.95,264.35,23589
30-04-2019 00:18,264.4,264.8,263.2,264.3,108596
30-04-2019 00:17,265.45,265.45,264.3,264.3,60829
30-04-2019 00:16,265.85,266,265.35,265.55,22426
30-04-2019 00:15,266.75,266.75,265.8,266,24585
30-04-2019 00:14,266,266.95,266,266.85,18894
30-04-2019 00:13,266.65,266.65,266.1,266.1,5819
30-04-2019 00:12,266.15,266.6,266,266.5,5681
30-04-2019 00:11,266.65,266.65,266,266.1,14343
30-04-2019 00:10,266.8,266.85,266.3,266.65,13626
30-04-2019 00:09,266.95,267,266.4,266.4,8137
30-04-2019 00:08,266.85,267.2,266.8,267.1,10746
30-04-2019 00:07,266.15,267,266,266.85,9350
30-04-2019 00:06,266.5,266.55,265.9,266.15,24067
30-04-2019 00:05,266.65,266.75,266,266.5,32278
30-04-2019 00:04,266.75,267,266.2,266.7,16210
30-04-2019 00:03,266.9,267.2,266.7,266.85,13621
30-04-2019 00:02,266,266.8,265.9,266.8,22011
30-04-2019 00:01,266.25,266.25,265.3,266.2,64660
30-04-2019 00:00,267.7,267.7,266.35,266.4,41073
29-04-2019 23:59,267.85,267.85,267.3,267.8,31854
29-04-2019 23:58,268.35,268.45,267.75,267.75,11272
29-04-2019 23:57,268.25,268.5,267.6,268.35,35172
29-04-2019 23:56,268.2,268.5,268,268.3,8668
29-04-2019 23:55,268.3,268.65,267.7,268.15,30718
29-04-2019 23:54,268.85,269,268.15,268.4,39630
29-04-2019 23:53,269.95,269.95,268.6,268.6,33516
29-04-2019 23:52,270.3,270.4,270,270,22074
29-04-2019 23:51,270.7,270.9,270.05,270.5,32018
29-04-2019 23:50,271,271.45,270.6,270.8,24260
29-04-2019 23:49,271.2,271.3,270.75,270.9,19317
29-04-2019 23:48,271,271.15,270.8,271.15,27936
29-04-2019 23:47,272.1,272.1,271.15,271.15,37991
29-04-2019 23:46,272.75,273.5,272.3,272.3,19201
29-04-2019 23:45,273.5,273.85,272,272.5,34361
26-04-2019 05:59,273.1,273.45,273.1,273.45,17282
26-04-2019 05:58,273.1,273.15,273,273.15,6713
26-04-2019 05:57,273.15,273.15,273,273.1,8981
26-04-2019 05:56,273.3,273.3,273.05,273.1,3422
26-04-2019 05:55,273.25,273.4,273.15,273.3,8202
26-04-2019 05:54,273.3,273.4,273.15,273.2,3246
26-04-2019 05:53,273.25,273.45,273.2,273.45,7974
26-04-2019 05:52,272.95,273.55,272.9,273.55,38840
26-04-2019 05:51,273.05,273.25,272.85,273,15258
26-04-2019 05:50,273.1,273.3,273,273.05,12804
26-04-2019 05:49,273.05,273.3,273,273.1,10266
26-04-2019 05:48,273.2,273.2,272.75,273,26427
26-04-2019 05:47,273.15,273.35,273.15,273.2,8014
26-04-2019 05:46,273.5,273.5,273.05,273.25,43889
26-04-2019 05:45,273.3,273.4,273.15,273.35,26197
26-04-2019 05:44,273.2,273.4,273.2,273.35,6087
26-04-2019 05:43,273.55,273.55,273.3,273.35,14075
26-04-2019 05:42,273.8,273.8,273.45,273.45,8676
26-04-2019 05:41,273.35,273.8,273.35,273.65,19994
26-04-2019 05:40,273.65,273.65,273.35,273.4,10674
26-04-2019 05:39,273.35,273.7,273.3,273.6,10575
26-04-2019 05:38,273.25,273.5,273.25,273.45,6706
26-04-2019 05:37,273.25,273.5,273.2,273.2,15063
26-04-2019 05:36,273.85,273.9,273.25,273.35,28021
26-04-2019 05:35,273.8,274,273.8,273.8,4158
26-04-2019 05:34,273.8,274,273.65,273.8,21477
26-04-2019 05:33,273.75,274,273.4,273.75,34297
26-04-2019 05:32,273.85,273.85,273.55,273.7,3521
26-04-2019 05:31,273.85,274,273.6,273.85,36028
26-04-2019 05:30,273,273.95,273,273.75,19187
26-04-2019 05:29,273.2,273.4,272.85,272.95,9865
26-04-2019 05:28,273.05,273.05,272.8,272.85,3202
26-04-2019 05:27,273.15,273.3,272.8,272.8,3887
26-04-2019 05:26,273.15,273.35,273.05,273.25,6963
26-04-2019 05:25,273.45,273.5,273.15,273.25,4544
26-04-2019 05:24,272.6,273.9,272.6,273.55,52677
26-04-2019 05:23,272.6,272.95,272.5,272.6,10447
26-04-2019 05:22,272.8,272.85,272.65,272.7,3593
26-04-2019 05:21,272.5,273.05,272.5,272.7,8644
26-04-2019 05:20,272.4,272.6,272.4,272.5,9444
26-04-2019 05:19,272.8,272.95,272.35,272.5,8966
26-04-2019 05:18,272.9,273.1,272.9,272.9,5688
26-04-2019 05:17,273.1,273.1,272.8,272.9,2905
26-04-2019 05:16,273.15,273.25,273,273.1,7362
26-04-2019 05:15,273.2,273.3,273.1,273.15,8024
26-04-2019 05:14,273.25,273.25,272.8,273.2,6311
26-04-2019 05:13,272.8,273.25,272.55,273.25,16499
26-04-2019 05:12,272.75,272.8,272.25,272.75,16443
26-04-2019 05:11,272.6,272.8,272.6,272.8,5160
26-04-2019 05:10,272.35,272.7,272.25,272.6,3783
26-04-2019 05:09,272.15,272.25,272,272.25,2579
26-04-2019 05:08,272.05,272.3,271.9,272.15,3246
26-04-2019 05:07,272.05,272.2,272.05,272.1,2793
26-04-2019 05:06,272.2,272.25,272.1,272.1,1769
26-04-2019 05:05,272.4,272.65,272.15,272.15,5859
26-04-2019 05:04,272.35,272.45,272.2,272.45,3090
26-04-2019 05:03,272,272.65,272,272.45,21746
26-04-2019 05:02,271.9,272.05,271.85,272.05,5745
26-04-2019 05:01,272.3,272.3,271.7,271.9,14446
26-04-2019 05:00,272.35,272.85,272.35,272.4,6085
26-04-2019 04:59,272.3,272.4,272.15,272.35,2779
26-04-2019 04:58,272.45,272.65,272.2,272.3,7356
26-04-2019 04:57,272.8,273.15,272.35,272.45,11919
26-04-2019 04:56,272.8,272.9,272.6,272.75,9221
26-04-2019 04:55,272.9,273.05,272.8,272.8,10082
26-04-2019 04:54,272.9,273.45,272.9,273,33701
26-04-2019 04:53,272.35,273.2,272.35,273,27094
26-04-2019 04:52,272.05,272.4,272,272.3,4849
26-04-2019 04:51,271.95,272.15,271.9,272,9021
26-04-2019 04:50,272.35,272.35,271.85,271.85,9233
26-04-2019 04:49,272.25,272.35,272.15,272.35,4401
26-04-2019 04:48,272.3,272.45,272.2,272.2,3938
26-04-2019 04:47,272.4,272.65,272.4,272.5,5036
26-04-2019 04:46,272.1,272.65,272.1,272.65,14463
26-04-2019 04:45,272.35,272.5,272.15,272.3,3984
26-04-2019 04:44,272.15,272.25,272.05,272.25,4052
26-04-2019 04:43,272.25,272.3,272,272,6160
26-04-2019 04:42,272.5,272.6,272.2,272.45,8939
26-04-2019 04:41,272.15,272.7,272.15,272.55,13089
26-04-2019 04:40,272.5,272.6,272.2,272.2,56563
26-04-2019 04:38,271.55,271.55,271.5,271.55,12312
26-04-2019 04:36,271.3,271.3,271.25,271.25,15448
26-04-2019 04:34,271.7,271.7,271.6,271.7,26140
26-04-2019 04:32,272.1,272.4,272.1,272.35,73021
26-04-2019 04:30,272,272,271.85,271.95,94714
26-04-2019 04:26,270.45,270.9,270.4,270.9,23360
26-04-2019 04:24,270.15,270.15,270,270.1,5416
26-04-2019 04:22,270.15,270.15,270.05,270.05,7307
26-04-2019 04:20,270.15,270.35,270.1,270.1,2813
26-04-2019 04:19,270.45,270.55,270.3,270.4,5955
26-04-2019 04:18,270.55,270.65,270.3,270.45,2952
26-04-2019 04:17,270.45,270.6,270.3,270.55,10578
26-04-2019 04:16,270.2,270.55,270.2,270.35,5388
26-04-2019 04:15,270.25,270.45,270.15,270.2,11219
26-04-2019 04:14,269.75,270.3,269.75,270.15,7095
26-04-2019 04:13,269.6,269.8,269.6,269.8,1424
26-04-2019 04:12,269.45,269.8,269.45,269.8,3471
26-04-2019 04:11,269.6,269.8,269.5,269.5,1987
26-04-2019 04:10,270.15,270.2,269.65,269.65,3563
26-04-2019 04:09,269.8,270.2,269.8,270.2,7751
26-04-2019 04:08,269.8,270,269.75,269.9,6457
26-04-2019 04:07,269.8,269.9,269.8,269.85,1101
26-04-2019 04:06,269.55,269.9,269.55,269.8,7895
26-04-2019 04:05,269.4,269.5,269.4,269.5,2360
26-04-2019 04:04,269.2,269.4,269.05,269.4,6432
26-04-2019 04:03,269.2,269.4,269.2,269.2,1666
26-04-2019 04:02,269.4,269.5,269.2,269.2,5668
26-04-2019 04:01,269.5,269.65,269.4,269.4,3552
26-04-2019 04:00,269.6,269.75,269.5,269.55,3039
26-04-2019 03:59,269.8,269.8,269.4,269.75,9136
26-04-2019 03:58,269.1,269.75,269.1,269.75,4345
26-04-2019 03:57,269.2,269.4,269.15,269.15,6069
26-04-2019 03:56,269.65,269.65,269,269.2,39650
26-04-2019 03:55,269.9,269.9,269.65,269.65,4514
26-04-2019 03:54,269.8,269.9,269.75,269.9,1470
26-04-2019 03:53,270.2,270.2,269.85,269.85,1387
26-04-2019 03:52,270.2,270.3,270.15,270.2,897
26-04-2019 03:51,270.35,270.35,269.95,270.25,4601
26-04-2019 03:50,270,270.3,270,270.3,1289
26-04-2019 03:49,270.1,270.1,269.75,269.95,7033
26-04-2019 03:48,270,270.1,269.95,270.1,1127
26-04-2019 03:47,269.9,269.9,269.75,269.9,2541
26-04-2019 03:46,270.05,270.05,269.85,269.9,2392
26-04-2019 03:45,270.25,270.25,270.05,270.05,9357
26-04-2019 03:44,270.15,270.4,270.15,270.4,6660
26-04-2019 03:43,270.15,270.15,270.05,270.15,1114
26-04-2019 03:42,270.2,270.5,270.2,270.25,5690
26-04-2019 03:41,270.2,270.2,270.05,270.2,2178
26-04-2019 03:40,269.85,270.2,269.8,270.2,6019
26-04-2019 03:39,270,270,269.75,269.85,8760
26-04-2019 03:38,270,270.1,269.9,270.1,1502
26-04-2019 03:37,269.95,270.15,269.95,270,910
26-04-2019 03:36,270.1,270.1,269.85,270.05,4742
26-04-2019 03:35,270.15,270.15,269.95,269.95,1274
26-04-2019 03:34,270,270.15,269.85,270.15,2146
26-04-2019 03:33,269.9,270.2,269.9,270,3160
26-04-2019 03:32,270,270.15,269.8,269.9,13762
26-04-2019 03:31,269.55,269.95,269.55,269.95,3897
26-04-2019 03:30,270,270,269.45,269.45,21269
26-04-2019 03:29,270.2,270.2,269.75,270,16031
26-04-2019 03:28,270.35,270.4,270.15,270.2,6806
26-04-2019 03:27,270.45,270.45,270.05,270.05,8277
26-04-2019 03:26,270.65,270.7,270.15,270.35,14154
26-04-2019 03:25,271,271.05,270.85,270.9,3032
26-04-2019 03:24,271.2,271.2,270.6,271,9246
26-04-2019 03:23,271.4,271.5,271.2,271.3,2335
26-04-2019 03:22,271.1,271.5,271.1,271.4,21739
26-04-2019 03:21,270.85,270.95,270.8,270.9,2607
26-04-2019 03:20,271.15,271.15,270.9,271,6939
26-04-2019 03:19,271.2,271.25,271.1,271.15,3653
26-04-2019 03:18,270.8,271.25,270.7,271.05,7184
26-04-2019 03:17,270.55,270.8,270.55,270.7,3191
26-04-2019 03:16,270.7,270.7,270.55,270.6,1078
26-04-2019 03:15,270.75,270.75,270.55,270.7,2002
26-04-2019 03:14,270.7,270.75,270.6,270.75,648
26-04-2019 03:13,270.5,270.7,270.5,270.7,2405
26-04-2019 03:12,270.65,270.7,270.5,270.55,1556
26-04-2019 03:11,270.4,270.7,270.4,270.6,1503
26-04-2019 03:10,270.35,270.55,270.35,270.4,569
26-04-2019 03:09,270.35,270.65,270.35,270.5,3436
26-04-2019 03:08,270.65,270.75,270.45,270.55,2794
26-04-2019 03:07,270.8,270.8,270.5,270.65,8791
26-04-2019 03:06,270.7,270.9,270.7,270.8,4079
26-04-2019 03:05,270.4,270.8,270.4,270.8,6296
26-04-2019 03:04,270.2,270.45,270.2,270.4,2371
26-04-2019 03:03,270.3,270.3,270,270.2,3288
26-04-2019 03:02,270.2,270.3,270.05,270.3,5935
26-04-2019 03:01,269.8,270.05,269.75,269.95,3665
26-04-2019 03:00,269.8,270,269.8,269.8,4444
26-04-2019 02:59,269.7,269.85,269.55,269.8,5779
26-04-2019 02:58,270,270,269.7,269.85,4228
26-04-2019 02:57,269.85,270.1,269.75,270.05,6326
26-04-2019 02:56,269.75,269.9,269.45,269.9,12629
26-04-2019 02:55,269.6,269.85,269.5,269.7,17086
26-04-2019 02:54,270.25,270.25,269.2,269.6,65753
26-04-2019 02:53,270.65,270.65,270.25,270.25,3404
26-04-2019 02:52,270.35,270.65,270.05,270.65,19374
26-04-2019 02:51,270.7,270.7,270.3,270.35,9069
26-04-2019 02:50,270.75,270.85,270.55,270.85,6980
26-04-2019 02:49,270.85,270.85,270.65,270.75,4044
26-04-2019 02:48,270.55,270.9,270.35,270.85,27002
26-04-2019 02:47,270.95,270.95,270.45,270.55,22605
26-04-2019 02:46,271.25,271.25,270.9,271,15776
26-04-2019 02:45,271.5,271.65,271.05,271.25,20669
26-04-2019 02:44,271.65,271.65,271.55,271.65,869
26-04-2019 02:43,271.6,271.75,271.5,271.6,3813
26-04-2019 02:42,272,272,271.7,271.75,2152
26-04-2019 02:41,271.9,272,271.8,272,5638
26-04-2019 02:40,271.45,271.9,271.45,271.9,7149
26-04-2019 02:39,271.4,271.5,271.35,271.45,3345
26-04-2019 02:38,271.3,271.5,271.2,271.5,5603
26-04-2019 02:37,271.05,271.3,271,271.3,9345
26-04-2019 02:36,271.3,271.3,271,271.15,7277
26-04-2019 02:35,271.2,271.45,271,271.3,8270
26-04-2019 02:34,271.25,271.25,271,271.2,11729
26-04-2019 02:33,271.4,271.5,271.2,271.4,7919
26-04-2019 02:32,271.45,271.45,271.2,271.3,15131
26-04-2019 02:31,271.75,271.8,271.4,271.45,6855
26-04-2019 02:30,271.75,271.85,271.75,271.75,833
26-04-2019 02:29,271.75,271.9,271.6,271.6,4295
26-04-2019 02:28,271.6,271.8,271.4,271.75,12210
26-04-2019 02:27,272,272.1,271.7,271.7,12532
26-04-2019 02:26,271.9,272.1,271.9,272.1,4674
26-04-2019 02:25,272.15,272.2,272,272,8893
26-04-2019 02:24,272.3,272.35,272,272.1,12473
26-04-2019 02:23,272.55,272.55,272.4,272.45,457
26-04-2019 02:22,272.8,272.8,272.55,272.6,2360
26-04-2019 02:21,272.45,272.7,272.4,272.7,1561
26-04-2019 02:20,272.45,272.65,272.3,272.4,2622
26-04-2019 02:19,272.5,272.55,272.45,272.45,316
26-04-2019 02:18,272.6,272.6,272.3,272.45,2489
26-04-2019 02:17,272.6,272.7,272.6,272.7,489
26-04-2019 02:16,272.45,272.6,272.45,272.6,341
26-04-2019 02:15,272.25,272.5,272.25,272.45,1663
26-04-2019 02:14,272.4,272.4,272.2,272.2,4658
26-04-2019 02:13,272.5,272.5,272.4,272.4,3565
26-04-2019 02:12,272.8,272.8,272.55,272.55,2663
26-04-2019 02:11,272.6,272.7,272.55,272.7,2611
26-04-2019 02:10,272.4,272.7,272.4,272.6,3654
26-04-2019 02:09,272.3,272.35,272.25,272.25,1134
26-04-2019 02:08,272.2,272.4,272.2,272.35,1102
26-04-2019 02:07,272.25,272.35,272.1,272.3,1651
26-04-2019 02:06,272.35,272.45,272.3,272.3,3528
26-04-2019 02:05,272.2,272.3,272.15,272.3,2645
26-04-2019 02:04,272.2,272.2,272,272.2,969
26-04-2019 02:03,272.4,272.55,272.2,272.2,4252
26-04-2019 02:02,272.7,272.7,272.45,272.45,781
26-04-2019 02:01,272.85,272.85,272.6,272.6,3379
26-04-2019 02:00,272.7,272.8,272.6,272.6,2335
26-04-2019 01:59,272.5,272.65,272.5,272.65,915
26-04-2019 01:58,272.55,272.65,272.5,272.5,2116
26-04-2019 01:57,272.45,272.55,272.4,272.55,823
26-04-2019 01:56,272.45,272.55,272.4,272.55,1434
26-04-2019 01:55,272.3,272.65,272.3,272.5,4865
26-04-2019 01:54,272.45,272.45,272.3,272.3,2492
26-04-2019 01:53,272.65,272.65,272.45,272.5,2430
26-04-2019 01:52,272.6,272.65,272.55,272.65,1450
26-04-2019 01:51,272.55,272.65,272.35,272.65,3766
26-04-2019 01:50,272.3,272.7,272.3,272.6,3855
26-04-2019 01:49,272.45,272.45,272.3,272.3,2855
26-04-2019 01:48,272.55,272.65,272.45,272.45,1788
26-04-2019 01:47,272.6,272.8,272.6,272.75,3709
26-04-2019 01:46,272.55,272.8,272.55,272.75,2498
26-04-2019 01:45,272.25,272.7,272.25,272.6,8441
26-04-2019 01:44,272.4,272.45,272.25,272.3,827
26-04-2019 01:43,272.15,272.25,272.1,272.25,1385
26-04-2019 01:42,272.15,272.25,272,272.15,2112
26-04-2019 01:41,272,272.3,272,272.3,6083
26-04-2019 01:40,271.95,272,271.8,271.95,2236
26-04-2019 01:39,272.3,272.3,271.9,271.9,19724
26-04-2019 01:38,272.35,272.4,272.2,272.2,2791
26-04-2019 01:37,272.3,272.45,272.2,272.45,3159
26-04-2019 01:36,272.55,272.55,272.4,272.4,3192
26-04-2019 01:35,272.8,272.9,272.6,272.6,763
26-04-2019 01:34,272.95,272.95,272.8,272.95,965
26-04-2019 01:33,272.65,273,272.65,272.95,5778
26-04-2019 01:32,272.6,272.8,272.6,272.65,1178
26-04-2019 01:31,272.65,273,272.55,272.6,11754
26-04-2019 01:30,273,273,272.65,272.75,3570
26-04-2019 01:29,273.05,273.05,272.85,273,3672
26-04-2019 01:28,273.05,273.25,273.05,273.15,1085
26-04-2019 01:27,273.2,273.35,272.9,273.25,4228
26-04-2019 01:26,273.45,273.5,273.25,273.25,2878
26-04-2019 01:25,273.45,273.45,273.25,273.25,3720
26-04-2019 01:24,272.9,273.55,272.9,273.5,8645
26-04-2019 01:23,273.1,273.1,272.9,273,4264
26-04-2019 01:22,273.2,273.3,273.05,273.05,899
26-04-2019 01:21,273.35,273.45,273.1,273.2,1278
26-04-2019 01:20,272.95,273.55,272.95,273.5,21022
26-04-2019 01:19,272.95,273,272.8,272.9,2907
26-04-2019 01:18,272.95,273.2,272.95,273,1380
26-04-2019 01:17,272.8,273.1,272.8,272.85,12349
26-04-2019 01:16,273.5,273.5,273,273,13916
26-04-2019 01:15,273.8,273.9,273.5,273.5,9722
26-04-2019 01:14,273.65,273.95,273.65,273.75,4308
26-04-2019 01:13,273.55,273.8,273.5,273.65,10099
26-04-2019 01:12,273.35,274.1,273.35,273.7,89701
26-04-2019 01:11,272.6,273.45,272.5,273.45,48467
26-04-2019 01:10,272.45,272.75,272.45,272.6,11491
26-04-2019 01:09,272.1,272.45,272.1,272.3,2741
26-04-2019 01:08,271.8,272.35,271.8,272.2,8409
26-04-2019 01:07,271.4,271.85,271.4,271.8,10998
26-04-2019 01:06,271.6,271.65,271.5,271.5,4774
26-04-2019 01:05,271.5,271.7,271.4,271.6,4545
26-04-2019 01:04,271.55,271.55,271.3,271.35,17881
26-04-2019 01:03,271.7,271.8,271.6,271.75,5817
26-04-2019 01:02,271.5,271.7,271.5,271.6,5744
26-04-2019 01:01,272.15,272.15,271.5,271.55,9765
26-04-2019 01:00,272,272.4,272,272.1,5240
26-04-2019 00:59,272.1,272.1,271.85,272.1,3532
26-04-2019 00:58,272.15,272.3,271.8,271.95,16807
26-04-2019 00:57,272.45,272.45,272.1,272.3,10177
26-04-2019 00:56,272.55,272.7,272.45,272.5,1852
26-04-2019 00:55,272.6,272.6,272.4,272.6,11655
26-04-2019 00:54,272.75,272.8,272.6,272.6,4067
26-04-2019 00:53,272.75,272.9,272.6,272.7,12596
26-04-2019 00:52,272.65,272.75,272.55,272.75,4845
26-04-2019 00:51,272.6,272.7,272.55,272.65,2623
26-04-2019 00:50,272.5,272.7,272.5,272.7,6505
26-04-2019 00:49,272.8,272.8,272.5,272.5,12405
26-04-2019 00:48,272.55,272.8,272.4,272.8,11307
26-04-2019 00:47,272,272.6,272,272.5,53649
26-04-2019 00:46,271.6,271.95,271.6,271.95,2318
26-04-2019 00:45,271.5,271.65,271.45,271.55,4124
26-04-2019 00:44,271.75,271.75,271.45,271.45,3866
26-04-2019 00:43,271.9,272,271.7,271.7,5071
26-04-2019 00:42,271.9,272,271.7,272,12193
26-04-2019 00:41,272,272.2,271.95,271.95,5898
26-04-2019 00:40,272,272.25,272,272,15221
26-04-2019 00:39,271.75,272.05,271.6,272.05,4616
26-04-2019 00:38,271.75,271.8,271.6,271.75,2550
26-04-2019 00:37,271.95,272.05,271.8,271.85,3202
26-04-2019 00:36,272.05,272.15,271.75,271.95,6534
26-04-2019 00:35,272,272.25,271.95,272,6075
26-04-2019 00:34,271.55,272.2,271.55,272,45364
26-04-2019 00:33,271.4,271.75,271.4,271.6,9547
26-04-2019 00:32,271.15,271.35,271.1,271.35,6337
26-04-2019 00:31,271.3,271.35,271.1,271.1,9240
26-04-2019 00:30,271.05,271.45,271.05,271.45,4605
26-04-2019 00:29,271.15,271.15,270.85,270.9,4248
26-04-2019 00:28,270.9,271.45,270.9,271.2,4457
26-04-2019 00:27,271.3,271.3,270.75,270.75,8544
26-04-2019 00:26,271.2,271.45,271.2,271.3,1438
26-04-2019 00:25,271.2,271.25,271.1,271.25,4003
26-04-2019 00:24,271.65,271.75,271.05,271.3,9510
26-04-2019 00:23,271.3,271.6,271.25,271.6,6269
26-04-2019 00:22,271.65,271.7,271.1,271.2,10208
26-04-2019 00:21,271.7,271.9,271.7,271.75,2209
26-04-2019 00:20,271.8,271.9,271.6,271.9,8229
26-04-2019 00:19,272.15,272.2,271.45,271.75,6136
26-04-2019 00:18,271.5,272.2,271.5,272,27080
26-04-2019 00:17,270.75,271.7,270.75,271.5,16985
26-04-2019 00:16,270.8,270.8,270.5,270.6,3267
26-04-2019 00:15,270.6,270.8,270.4,270.6,5667
26-04-2019 00:14,270.2,270.65,270.05,270.6,10001
26-04-2019 00:13,270.45,270.45,270,270.25,8484
26-04-2019 00:12,270.45,270.65,270.35,270.45,3090
26-04-2019 00:11,270.15,270.5,270.15,270.45,8166
26-04-2019 00:10,270.9,271,270,270.05,22298
26-04-2019 00:09,271.15,271.15,270.6,270.9,9524
26-04-2019 00:08,271.4,271.4,270.95,271,10099
26-04-2019 00:07,271.2,271.5,271.05,271.3,12451
26-04-2019 00:06,271.2,271.45,271,271.25,11863
26-04-2019 00:05,271.2,271.35,271.1,271.15,995
26-04-2019 00:04,271.65,271.65,271,271.35,10197
26-04-2019 00:03,271.4,271.9,271.4,271.75,3008
26-04-2019 00:02,271.65,271.75,271.2,271.4,2623
26-04-2019 00:01,271.1,271.8,271.05,271.65,8150
26-04-2019 00:00,271.15,271.4,271.05,271.2,8072
25-04-2019 23:59,271.15,271.2,270.7,271.15,12466
25-04-2019 23:58,272.4,272.4,271,271.05,30895
25-04-2019 23:57,272,272.3,272,272.3,11576
25-04-2019 23:56,271.85,272.35,271.65,272.1,15301
25-04-2019 23:55,271.75,272.05,271.65,271.85,23337
25-04-2019 23:54,271.65,272.5,271.55,272.05,42444
25-04-2019 23:53,271.3,271.65,271.25,271.65,9096
25-04-2019 23:52,271.25,271.3,270.95,271.3,6545
25-04-2019 23:51,271,271.25,270.2,271.25,25847
25-04-2019 23:50,271.15,271.3,270.8,270.8,13969
25-04-2019 23:49,270.9,271.35,270.75,271.05,22080
25-04-2019 23:48,272.05,272.3,270.85,270.85,45569
25-04-2019 23:47,272.25,272.25,271.95,272.05,34789
25-04-2019 23:46,272.6,272.8,272,272.2,28592
25-04-2019 23:45,272,272.9,272,272.7,21142
25-04-2019 05:59,270.6,271,270.5,271,9779
25-04-2019 05:58,271,271,270.45,270.5,10829
25-04-2019 05:57,271.3,271.35,270.7,271,6399
25-04-2019 05:56,271.5,271.5,271.35,271.35,12318
25-04-2019 05:55,271.15,271.35,271.1,271.35,3511
25-04-2019 05:54,270.95,271.35,270.95,271.15,2954
25-04-2019 05:53,270.95,271.1,270.65,270.95,7895
25-04-2019 05:52,271.05,271.35,270.65,271.15,40935
25-04-2019 05:51,271.85,271.85,270.95,270.95,33216
25-04-2019 05:50,271.45,271.95,271.45,271.95,27842
25-04-2019 05:49,271.2,271.5,271.05,271.4,5952
25-04-2019 05:48,271.1,271.6,271,271.05,15629
25-04-2019 05:47,271.6,271.6,271.05,271.1,61341
25-04-2019 05:46,272.15,272.15,271.6,271.6,42373
25-04-2019 05:45,272,272.25,271.85,271.95,18746
25-04-2019 05:44,271.95,272.1,271.8,272,11902
25-04-2019 05:43,271.6,272.05,271.55,271.95,16061
25-04-2019 05:42,271.65,271.75,271.5,271.7,18980
25-04-2019 05:41,271.8,272,271.65,271.65,28195
25-04-2019 05:40,272.1,272.25,271.8,271.9,15313
25-04-2019 05:39,271.8,272.15,271.75,272.1,19176
25-04-2019 05:38,271.75,271.85,271.75,271.85,9609
25-04-2019 05:37,271.75,271.95,271.7,271.8,10436
25-04-2019 05:36,271.6,271.9,271.5,271.9,15143
25-04-2019 05:35,271.7,271.8,271.3,271.5,26691
25-04-2019 05:34,271.7,271.8,271.65,271.65,8410
25-04-2019 05:33,271.7,271.95,271.7,271.7,11075
25-04-2019 05:32,271.8,272,271.7,271.8,8580
25-04-2019 05:31,272.5,272.5,271.55,271.8,24279
25-04-2019 05:30,272.85,272.85,272.15,272.55,15151
25-04-2019 05:29,272.8,273,272.7,272.95,5970
25-04-2019 05:28,272.55,272.85,272.55,272.85,2391
25-04-2019 05:27,272.6,272.65,272.55,272.55,2280
25-04-2019 05:26,272.6,272.9,272.5,272.6,7047
25-04-2019 05:25,272.55,272.65,272.35,272.65,16422
25-04-2019 05:24,272.35,272.6,272.35,272.5,2656
25-04-2019 05:23,272.15,272.4,272.1,272.3,4555
25-04-2019 05:22,272.45,272.65,272.1,272.25,8872
25-04-2019 05:21,272.65,272.7,272.3,272.45,9574
25-04-2019 05:20,272.75,272.75,272.65,272.65,4288
25-04-2019 05:19,273,273,272.65,272.75,8117
25-04-2019 05:18,273.1,273.25,273,273.1,3209
25-04-2019 05:17,273.2,273.25,273,273.1,8748
25-04-2019 05:16,273.05,273.1,273,273.1,2929
25-04-2019 05:15,272.9,273.2,272.9,273.05,2616
25-04-2019 05:14,273,273.1,272.9,273,2903
25-04-2019 05:13,272.9,273,272.85,272.9,3279
25-04-2019 05:12,272.85,272.85,272.7,272.85,3092
25-04-2019 05:11,273.25,273.3,272.9,272.9,5920
25-04-2019 05:10,273.3,273.4,273.3,273.3,3373
25-04-2019 05:09,273,273.45,273,273.3,7337
25-04-2019 05:08,272.7,273.1,272.7,273,5082
25-04-2019 05:07,272.7,272.75,272.65,272.75,6791
25-04-2019 05:06,272.65,272.65,272.6,272.65,967
25-04-2019 05:05,272.7,272.75,272.55,272.65,8210
25-04-2019 05:04,272.6,272.75,272.6,272.75,1615
25-04-2019 05:03,272.7,272.9,272.55,272.6,12217
25-04-2019 05:02,272.7,272.9,272.55,272.75,5131
25-04-2019 05:01,272.85,272.85,272.5,272.65,4228
25-04-2019 05:00,272.9,273.1,272.85,272.85,2580
25-04-2019 04:59,273.05,273.15,272.75,273.1,7752
25-04-2019 04:58,273,273.1,273,273.05,1988
25-04-2019 04:57,272.9,272.95,272.8,272.95,5436
25-04-2019 04:56,272.9,273,272.55,273,2631
25-04-2019 04:55,273,273.05,272.9,272.9,3039
25-04-2019 04:54,273,273.1,272.9,273.05,1881
25-04-2019 04:53,272.9,272.95,272.75,272.8,474
25-04-2019 04:52,272.75,272.9,272.6,272.9,259
25-04-2019 04:51,272.8,272.9,272.8,272.8,1273
25-04-2019 04:50,272.7,273.05,272.7,273.05,4113
25-04-2019 04:49,273.1,273.1,272.8,272.9,2380
25-04-2019 04:48,272.6,273,272.6,272.95,2733
25-04-2019 04:47,272.8,272.85,272.7,272.8,2389
25-04-2019 04:46,273.1,273.15,272.9,272.9,1552
25-04-2019 04:45,273,273.2,273,273.2,1883
25-04-2019 04:44,272.95,273.15,272.9,273,1011
25-04-2019 04:43,273.2,273.35,272.95,272.95,5942
25-04-2019 04:42,273,273.45,273,273.4,13218
25-04-2019 04:41,272.95,273.15,272.95,273,6924
25-04-2019 04:40,272.85,273,272.7,273,1839
25-04-2019 04:39,272.85,272.85,272.7,272.85,997
25-04-2019 04:38,272.7,272.8,272.65,272.75,5483
25-04-2019 04:37,272.1,273,272.1,272.8,14786
25-04-2019 04:36,272.1,272.4,272.1,272.1,9634
25-04-2019 04:35,271.7,272.2,271.7,272.15,20766
25-04-2019 04:34,272.55,272.55,272,272.05,18203
25-04-2019 04:33,272.55,272.6,272.55,272.55,3035
25-04-2019 04:32,273,273,272.5,272.55,6324
25-04-2019 04:31,272.9,272.9,272.8,272.8,8479
25-04-2019 04:30,273.1,273.15,272.9,272.9,4061
25-04-2019 04:29,273.3,273.3,273.1,273.15,1328
25-04-2019 04:28,273.5,273.5,273.2,273.3,6051
25-04-2019 04:27,273.05,273.5,273.05,273.5,6310
25-04-2019 04:26,272.9,273.2,272.9,273.2,3764
25-04-2019 04:25,273.2,273.2,272.9,272.9,14863
25-04-2019 04:24,273,273.45,273,273.2,9259
25-04-2019 04:23,273,273.25,273,273.1,3051
25-04-2019 04:22,272.8,273,272.75,272.85,6814
25-04-2019 04:21,273,273.05,272.75,272.85,8712
25-04-2019 04:20,273.3,273.35,273.15,273.15,2707
25-04-2019 04:19,273.35,273.4,273,273.4,7365
25-04-2019 04:18,273.3,273.5,273.3,273.45,1982
25-04-2019 04:17,273.45,273.6,273.2,273.3,2742
25-04-2019 04:16,273.35,273.5,273.3,273.5,2520
25-04-2019 04:15,273.65,273.7,273.35,273.35,6590
25-04-2019 04:14,273.5,273.7,273.5,273.65,711
25-04-2019 04:13,273.7,273.7,273.4,273.55,2883
25-04-2019 04:12,273.4,273.8,273.4,273.55,6246
25-04-2019 04:11,273.25,273.75,273.25,273.5,4317
25-04-2019 04:10,273.95,274,273.1,273.1,12331
25-04-2019 04:09,273.35,274.3,273.35,274,41801
25-04-2019 04:08,273.5,273.65,273.35,273.35,5050
25-04-2019 04:07,273.4,273.5,273.3,273.35,7537
25-04-2019 04:06,273,273.35,273,273.35,3281
25-04-2019 04:05,272.45,273,272.3,272.9,6892
25-04-2019 04:04,272.7,272.8,272.4,272.45,5908
25-04-2019 04:03,272.95,273,272.75,272.75,1624
25-04-2019 04:02,273.3,273.35,273,273,10772
25-04-2019 04:01,273.4,273.4,272.85,272.95,4814
25-04-2019 04:00,273.45,273.55,273.25,273.25,12695
25-04-2019 03:59,273.2,273.5,273.15,273.35,9247
25-04-2019 03:58,273.1,273.3,273.05,273.2,10005
25-04-2019 03:57,272.95,273.25,272.95,273,8758
25-04-2019 03:56,272.3,273,272.3,273,14017
25-04-2019 03:55,272.5,272.55,272.2,272.2,8560
25-04-2019 03:54,272.55,272.85,272.5,272.5,1127
25-04-2019 03:53,272.6,273,272.45,272.45,8683
25-04-2019 03:52,272.85,272.85,272.4,272.6,13550
25-04-2019 03:51,272.9,272.95,272.8,272.9,501
25-04-2019 03:50,272.8,273,272.8,273,3405
25-04-2019 03:49,273.15,273.2,272.85,272.85,4229
25-04-2019 03:48,273.35,273.4,273.2,273.2,2600
25-04-2019 03:47,273.3,273.45,273.25,273.45,850
25-04-2019 03:46,273.25,273.4,273.2,273.3,1493
25-04-2019 03:45,273.45,273.5,273.25,273.25,5286
25-04-2019 03:44,273.6,273.6,273.2,273.45,3898
25-04-2019 03:43,273.5,273.65,273.35,273.65,4023
25-04-2019 03:42,273.55,273.55,273.3,273.5,2232
25-04-2019 03:41,273.65,273.75,273.45,273.55,6368
25-04-2019 03:40,273.7,273.8,273.65,273.65,5593
25-04-2019 03:39,273.65,273.85,273.5,273.7,15244
25-04-2019 03:38,273.4,273.75,273.35,273.7,14366
25-04-2019 03:37,273,273.35,273,273.35,10388
25-04-2019 03:36,273,273.15,273,273,2292
25-04-2019 03:35,273.1,273.15,272.95,273,3163
25-04-2019 03:34,273,273.2,272.85,273.05,11340
25-04-2019 03:33,272.65,273.15,272.55,273.15,11256
25-04-2019 03:32,272.65,272.65,272.5,272.65,3745
25-04-2019 03:31,272.5,272.6,272.45,272.55,584
25-04-2019 03:30,272.5,272.6,272.5,272.5,5036
25-04-2019 03:29,272.35,272.5,272.2,272.5,8336
25-04-2019 03:28,272.35,272.5,272.25,272.35,2978
25-04-2019 03:27,272.4,272.4,272.3,272.35,1372
25-04-2019 03:26,272.2,272.45,272.2,272.4,6840
25-04-2019 03:25,272.3,272.35,272.25,272.25,1535
25-04-2019 03:24,272.3,272.4,272.2,272.4,304
25-04-2019 03:23,272.1,272.5,272.1,272.2,3532
25-04-2019 03:22,272.05,272.2,272.05,272.1,846
25-04-2019 03:21,272.15,272.2,272.05,272.05,1363
25-04-2019 03:20,272.15,272.3,272.15,272.2,3265
25-04-2019 03:19,272.05,272.2,271.95,272,8512
25-04-2019 03:18,272,272,271.9,272,2966
25-04-2019 03:17,272,272,271.8,271.95,7705
25-04-2019 03:16,271.85,271.9,271.5,271.85,10849
25-04-2019 03:15,272,272,271.65,271.85,9189
25-04-2019 03:14,272,272.2,271.9,271.9,3685
25-04-2019 03:13,272.1,272.1,271.9,272.05,1485
25-04-2019 03:12,272.1,272.3,271.9,271.95,7376
25-04-2019 03:11,271.85,272.25,271.8,272.1,6328
25-04-2019 03:10,271.25,271.75,271.25,271.65,4496
25-04-2019 03:09,271.3,271.35,271.2,271.25,5139
25-04-2019 03:08,271.25,271.5,270.9,271.15,31389
25-04-2019 03:07,271.5,271.95,271.3,271.5,7624
25-04-2019 03:06,271.7,271.7,271.5,271.5,9540
25-04-2019 03:05,271.9,271.9,271.7,271.7,9280
25-04-2019 03:04,271.7,271.9,271.65,271.85,7629
25-04-2019 03:03,271.65,271.75,271.5,271.65,7161
25-04-2019 03:02,271.6,271.75,271.6,271.7,4282
25-04-2019 03:01,271.65,271.7,271.5,271.65,9577
25-04-2019 03:00,271.75,271.9,271.6,271.75,8155
25-04-2019 02:59,271.8,271.9,271.7,271.9,7632
25-04-2019 02:58,272,272,271.75,271.8,5607
25-04-2019 02:57,272.3,272.3,271.9,271.9,20197
25-04-2019 02:56,272.35,272.4,272.1,272.35,7811
25-04-2019 02:55,272.6,272.65,272.4,272.65,1800
25-04-2019 02:54,272.3,272.65,272.3,272.6,4075
25-04-2019 02:53,272.6,272.6,272.35,272.35,1204
25-04-2019 02:52,272.55,272.6,272.4,272.6,1066
25-04-2019 02:51,272.35,272.65,272.3,272.65,1762
25-04-2019 02:50,272.3,272.35,272.15,272.35,5244
25-04-2019 02:49,272.25,272.35,272.2,272.35,5320
25-04-2019 02:48,272.45,272.45,272.1,272.25,33241
25-04-2019 02:47,272.5,272.6,272.35,272.45,4534
25-04-2019 02:46,272.9,272.9,272.5,272.5,2568
25-04-2019 02:45,272.9,272.9,272.7,272.7,4380
25-04-2019 02:44,272.6,273,272.6,272.9,3187
25-04-2019 02:43,272.65,272.7,272.55,272.6,2648
25-04-2019 02:42,272.7,272.7,272.2,272.7,19202
25-04-2019 02:41,272.7,272.7,272.5,272.6,5231
25-04-2019 02:40,272.8,272.9,272.6,272.6,5775
25-04-2019 02:39,272.8,272.9,272.8,272.9,852
25-04-2019 02:38,272.9,272.9,272.8,272.8,358
25-04-2019 02:37,272.95,272.95,272.85,272.95,829
25-04-2019 02:36,272.85,272.9,272.7,272.9,4107
25-04-2019 02:35,272.9,272.95,272.7,272.95,2540
25-04-2019 02:34,272.75,272.95,272.75,272.85,3934
25-04-2019 02:33,272.75,273,272.75,272.9,6353
25-04-2019 02:32,272.75,272.9,272.7,272.7,2040
25-04-2019 02:31,272.85,272.95,272.65,272.85,5878
25-04-2019 02:30,273.05,273.1,272.85,272.85,4507
25-04-2019 02:29,273.2,273.25,273,273.25,13491
25-04-2019 02:28,273.25,273.35,273.2,273.3,3093
25-04-2019 02:27,273.3,273.4,273.2,273.2,4583
25-04-2019 02:26,273.35,273.4,273.25,273.4,31
25-04-2019 02:25,273.25,273.4,273.25,273.25,3170
25-04-2019 02:24,273.3,273.35,273.25,273.25,621
25-04-2019 02:23,273.15,273.3,273.15,273.3,2658
25-04-2019 02:22,273.2,273.25,273.15,273.15,2181
25-04-2019 02:21,273.35,273.45,273.15,273.15,1990
25-04-2019 02:20,273.25,273.35,273.2,273.35,2998
25-04-2019 02:19,273.5,273.55,273.3,273.3,8029
25-04-2019 02:18,273.5,273.6,273.5,273.55,881
25-04-2019 02:17,273.75,273.85,273.5,273.55,4053
25-04-2019 02:16,273.65,273.8,273.55,273.75,11172
25-04-2019 02:15,273.55,273.6,273.4,273.55,4433
25-04-2019 02:14,273.55,273.6,273.35,273.35,1092
25-04-2019 02:13,273.5,273.55,273.35,273.5,1790
25-04-2019 02:12,273.35,273.5,273.35,273.5,1358
25-04-2019 02:11,273.3,273.45,273.3,273.4,1327
25-04-2019 02:10,273.4,273.45,273.25,273.45,1389
25-04-2019 02:09,273.35,273.35,273.25,273.3,1911
25-04-2019 02:08,273.4,273.5,273.25,273.3,4250
25-04-2019 02:07,273.6,273.65,273.4,273.5,3560
25-04-2019 02:06,273.55,273.65,273.5,273.65,926
25-04-2019 02:05,273.45,273.7,273.4,273.5,665
25-04-2019 02:04,273.3,273.65,273.3,273.45,10822
25-04-2019 02:03,273.45,273.6,273.3,273.3,10248
25-04-2019 02:02,273.65,273.7,273.5,273.7,5848
25-04-2019 02:01,274,274,273.7,273.85,3315
25-04-2019 02:00,273.85,273.95,273.75,273.95,6244
25-04-2019 01:59,273.95,273.95,273.65,273.9,3549
25-04-2019 01:58,273.8,273.85,273.65,273.8,3172
25-04-2019 01:57,274.1,274.1,273.8,273.9,8270
25-04-2019 01:56,274.05,274.2,274,274.1,4226
25-04-2019 01:55,274,274.15,274,274.15,3372
25-04-2019 01:54,274,274.2,273.9,274,15177
25-04-2019 01:53,273.8,274.2,273.8,273.9,18769
25-04-2019 01:52,273.9,274,273.7,273.95,12114
25-04-2019 01:51,273.75,273.95,273.5,273.95,16445
25-04-2019 01:50,273.2,273.5,273.15,273.45,4627
25-04-2019 01:49,272.8,273.2,272.8,273.15,7069
25-04-2019 01:48,272.65,272.85,272.65,272.8,4703
25-04-2019 01:47,272.75,272.8,272.65,272.75,5813
25-04-2019 01:46,272.7,272.75,272.7,272.75,187
25-04-2019 01:45,272.8,272.85,272.6,272.8,3744
25-04-2019 01:44,272.85,272.85,272.65,272.85,3880
25-04-2019 01:43,272.75,272.85,272.65,272.75,1117
25-04-2019 01:42,272.75,272.9,272.65,272.75,6191
25-04-2019 01:41,272.75,272.8,272.65,272.75,4704
25-04-2019 01:40,272.9,272.9,272.7,272.75,12019
25-04-2019 01:39,272.85,272.9,272.8,272.9,4087
25-04-2019 01:38,272.85,273,272.65,272.65,2870
25-04-2019 01:37,272.8,272.95,272.8,272.95,2616
25-04-2019 01:36,272.75,272.9,272.7,272.8,1863
25-04-2019 01:35,272.85,273,272.6,272.65,6351
25-04-2019 01:34,272.95,273,272.8,272.8,3373
25-04-2019 01:33,272.9,272.95,272.65,272.95,3212
25-04-2019 01:32,272.75,273,272.65,272.9,7517
25-04-2019 01:31,272.95,272.95,272.75,272.75,4092
25-04-2019 01:30,273.25,273.25,272.8,272.95,9560
25-04-2019 01:29,273.5,273.6,272.95,273.3,15690
25-04-2019 01:28,273.45,273.6,273.25,273.6,4625
25-04-2019 01:27,273.8,273.8,273.45,273.45,7811
25-04-2019 01:26,273.85,274,273.8,274,5998
25-04-2019 01:25,273.6,273.95,273.6,273.95,3251
25-04-2019 01:24,273.55,273.7,273.55,273.6,473
25-04-2019 01:23,273.75,273.75,273.5,273.65,8171
25-04-2019 01:22,273.7,273.9,273.7,273.7,776
25-04-2019 01:21,273.9,273.9,273.75,273.85,2971
25-04-2019 01:20,273.8,273.9,273.8,273.85,1384
25-04-2019 01:19,273.8,274,273.8,273.85,2869
25-04-2019 01:18,273.9,274,273.7,274,5462
25-04-2019 01:17,274.05,274.05,273.8,273.8,2035
25-04-2019 01:16,273.7,273.9,273.7,273.85,2534
25-04-2019 01:15,274.15,274.2,273.7,273.7,6926
25-04-2019 01:14,274.1,274.25,274,274.2,8784
25-04-2019 01:13,273.9,274.3,273.9,274.15,14211
25-04-2019 01:12,273.95,273.95,273.8,273.95,3165
25-04-2019 01:11,273.95,274.1,273.7,273.85,16437
25-04-2019 01:10,273.45,273.9,273.4,273.9,6478
25-04-2019 01:09,273,273.85,272.95,273.6,14185
25-04-2019 01:08,273.25,273.35,273,273,5166
25-04-2019 01:07,273.25,273.25,273.15,273.25,5099
25-04-2019 01:06,273.25,273.4,273.25,273.25,326
25-04-2019 01:05,273.3,273.4,273.3,273.4,1490
25-04-2019 01:04,273.25,273.4,273.25,273.3,2711
25-04-2019 01:03,273.5,273.5,273.3,273.45,3650
25-04-2019 01:02,273.5,273.65,273.35,273.45,1567
25-04-2019 01:01,273.5,273.5,273.3,273.45,7025
25-04-2019 01:00,273.4,273.55,273.25,273.5,4545
25-04-2019 00:59,273.55,273.75,273.45,273.45,2321
25-04-2019 00:58,273.6,273.75,273.5,273.7,7613
25-04-2019 00:57,273.7,273.7,273.5,273.55,3234
25-04-2019 00:56,274.1,274.15,273.65,273.65,8322
25-04-2019 00:55,274,274.1,273.95,274.1,12071
25-04-2019 00:54,274.15,274.15,274,274,4815
25-04-2019 00:53,274,274.15,274,274.15,4628
25-04-2019 00:52,273.8,274.3,273.8,274.15,14160
25-04-2019 00:51,273.65,273.85,273.5,273.8,16629
25-04-2019 00:50,273.5,273.55,273.35,273.5,3806
25-04-2019 00:49,273.65,273.65,273.4,273.55,2541
25-04-2019 00:48,273.65,273.65,273.4,273.65,4941
25-04-2019 00:47,273.3,273.8,273.25,273.65,10374
25-04-2019 00:46,273.1,273.4,273.1,273.4,3629
25-04-2019 00:45,272.95,273.4,272.95,273.1,13019
25-04-2019 00:44,272.9,272.95,272.8,272.95,2982
25-04-2019 00:43,272.75,272.9,272.75,272.9,3958
25-04-2019 00:42,272.8,272.8,272.65,272.8,1718
25-04-2019 00:41,272.9,272.9,272.75,272.75,1646
25-04-2019 00:40,272.85,272.85,272.55,272.75,6321
25-04-2019 00:39,272.7,273.1,272.7,273,6524
25-04-2019 00:38,272.75,272.95,272.6,272.75,3422
25-04-2019 00:37,272.7,272.85,272.7,272.7,3477
25-04-2019 00:36,272.9,272.9,272.6,272.7,4626
25-04-2019 00:35,273.1,273.1,272.9,272.95,8566
25-04-2019 00:34,272.95,273.15,272.95,273.15,3180
25-04-2019 00:33,272.55,273,272.55,272.95,5698
25-04-2019 00:32,272.65,272.7,272.5,272.7,2980
25-04-2019 00:31,272.7,272.75,272.5,272.55,11298
25-04-2019 00:30,272.6,272.7,272.25,272.6,21660
25-04-2019 00:29,273.45,273.45,272.6,272.7,7851
25-04-2019 00:28,273.2,273.4,273.1,273.2,4737
25-04-2019 00:27,272.85,273.1,272.8,273.1,22197
25-04-2019 00:26,272.8,273,272.75,272.75,3229
25-04-2019 00:25,272.9,272.9,272.55,272.7,14408
25-04-2019 00:24,272.8,272.95,272.8,272.8,3642
25-04-2019 00:23,273.2,273.3,272.8,272.8,7451
25-04-2019 00:22,272.95,273.1,272.95,273.05,2617
25-04-2019 00:21,272.85,273.05,272.75,272.85,9534
25-04-2019 00:20,272.9,273,272.85,272.95,3605
25-04-2019 00:19,272.85,273.1,272.75,272.8,9092
25-04-2019 00:18,273.3,273.45,272.7,272.7,36313
25-04-2019 00:17,273.25,273.35,273.25,273.3,1335
25-04-2019 00:16,273.4,273.5,273.2,273.35,1895
25-04-2019 00:15,273.65,273.65,273.45,273.45,4388
25-04-2019 00:14,273.95,274.1,273.5,273.65,13406
25-04-2019 00:13,273.2,274,273.2,274,14347
25-04-2019 00:12,273.25,273.3,273.1,273.25,6500
25-04-2019 00:11,273.4,273.6,273.05,273.15,13009
25-04-2019 00:10,273.75,273.8,273.4,273.4,8992
25-04-2019 00:09,274,274,273.75,273.85,5791
25-04-2019 00:08,273.9,274.05,273.9,274,5722
25-04-2019 00:07,273.5,274,273.15,273.8,32259
25-04-2019 00:06,273.7,273.8,273.7,273.8,2663
25-04-2019 00:05,273.8,273.9,273.75,273.75,3222
25-04-2019 00:04,274.3,274.3,273.8,273.95,8948
25-04-2019 00:03,274.4,274.45,274.15,274.25,9135
25-04-2019 00:02,274.5,274.55,274.4,274.45,7723
25-04-2019 00:01,274.5,274.6,274.35,274.5,10241
25-04-2019 00:00,274.4,274.5,274.35,274.35,5292
24-04-2019 23:59,274.4,274.6,274.25,274.5,4270
24-04-2019 23:58,273.9,274.5,273.9,274.25,7756
24-04-2019 23:57,273.85,274.2,273.85,274,8492
24-04-2019 23:56,273.55,273.95,273.5,273.85,9765
24-04-2019 23:55,273.65,273.75,273.45,273.55,13787
24-04-2019 23:54,273.75,274.2,273.65,273.75,31428
24-04-2019 23:53,274.6,274.6,273.8,273.8,15541
24-04-2019 23:52,274.35,274.75,274.35,274.6,15905
24-04-2019 23:51,274.4,275.1,274,274.25,36517
24-04-2019 23:50,273.95,274.45,273.85,274.45,29302
24-04-2019 23:49,273.25,274.05,272.95,273.95,20066
24-04-2019 23:48,272.2,273.05,272.2,273,29187
24-04-2019 23:47,272.3,272.35,271.85,272.1,12558
24-04-2019 23:46,272.8,272.8,272.35,272.5,27461
24-04-2019 23:45,273.35,273.45,272.6,272.6,12148
24-04-2019 05:59,273.6,273.6,273,273.5,9596
24-04-2019 05:58,273.5,273.65,273.45,273.5,11627
24-04-2019 05:57,273.4,273.5,273.3,273.5,8195
24-04-2019 05:56,273.45,273.5,273.2,273.35,3145
24-04-2019 05:55,273.2,273.5,273.2,273.45,4286
24-04-2019 05:54,273.3,273.45,273.2,273.3,3179
24-04-2019 05:53,273.3,273.5,273.2,273.25,6375
24-04-2019 05:52,273.2,273.45,273.05,273.25,39059
24-04-2019 05:51,273.25,273.5,273.1,273.35,6674
24-04-2019 05:50,273.25,273.45,273.1,273.25,7941
24-04-2019 05:49,273.2,273.35,273.1,273.2,5076
24-04-2019 05:48,272.95,273.35,272.9,273.2,29574
24-04-2019 05:47,273.1,273.1,272.95,272.95,10056
24-04-2019 05:46,273.6,273.75,273.05,273.1,49286
24-04-2019 05:45,273.95,273.95,273.6,273.6,21464
24-04-2019 05:44,274,274.1,273.9,273.95,10681
24-04-2019 05:43,274.35,274.4,273.9,274,4806
24-04-2019 05:42,274.05,274.4,273.75,274.4,28122
24-04-2019 05:41,274.2,274.2,273.9,274.05,12530
24-04-2019 05:40,273.85,274.2,273.85,274,12480
24-04-2019 05:39,273.4,273.95,273.35,273.95,17009
24-04-2019 05:38,273.95,274,273.55,273.55,9883
24-04-2019 05:37,273.95,274,273.6,274,10482
24-04-2019 05:36,273.8,274.2,273.8,273.9,43894
24-04-2019 05:35,273.6,273.9,273.55,273.8,32288
24-04-2019 05:34,273.55,273.55,273.2,273.55,19448
24-04-2019 05:33,273.35,273.5,273.35,273.45,14122
24-04-2019 05:32,273.15,273.5,273.05,273.35,12454
24-04-2019 05:31,272.95,273.5,272.95,273.3,33014
24-04-2019 05:30,272.7,273,272.7,272.95,33682
24-04-2019 05:29,272.2,272.85,272.15,272.7,35408
24-04-2019 05:28,272.15,272.25,272.05,272.15,4817
24-04-2019 05:27,272.05,272.2,271.9,272.05,5328
24-04-2019 05:26,271.75,272.15,271.75,272.05,12619
24-04-2019 05:25,271.4,271.85,271.4,271.8,5684
24-04-2019 05:24,271.7,271.75,271.65,271.65,3503
24-04-2019 05:23,271.65,271.7,271.3,271.3,3854
24-04-2019 05:22,271.65,271.8,271.6,271.65,2737
24-04-2019 05:21,271.9,272,271.5,271.5,14556
24-04-2019 05:20,272.25,272.25,271.75,271.85,9623
24-04-2019 05:19,272.3,272.35,272.1,272.15,3703
24-04-2019 05:18,272.4,272.5,272.1,272.1,6433
24-04-2019 05:17,272.1,272.5,272.1,272.45,20704
24-04-2019 05:16,271.85,272.25,271.75,272.25,28789
24-04-2019 05:15,271.8,271.9,271.7,271.75,7747
24-04-2019 05:14,271.8,271.85,271.6,271.7,4559
24-04-2019 05:13,271.6,271.7,271.5,271.5,2524
24-04-2019 05:12,271.55,271.9,271.55,271.6,17286
24-04-2019 05:11,271.4,271.7,271.3,271.7,3525
24-04-2019 05:10,271.35,271.4,271.25,271.35,1552
24-04-2019 05:09,271.3,271.55,271.3,271.4,3205
24-04-2019 05:08,271.55,271.55,271.35,271.4,3317
24-04-2019 05:07,271.6,271.7,271.3,271.45,6203
24-04-2019 05:06,271.25,271.5,271.2,271.5,2516
24-04-2019 05:05,271.55,271.6,271.3,271.3,3840
24-04-2019 05:04,271.45,271.6,271.45,271.5,1246
24-04-2019 05:03,271.45,271.45,271.25,271.4,2871
24-04-2019 05:02,271.75,272,271.4,271.45,12267
24-04-2019 05:01,271.45,271.8,271.4,271.8,6787
24-04-2019 05:00,271.05,271.45,271.05,271.45,6347
24-04-2019 04:59,271.1,271.1,270.85,271.05,2258
24-04-2019 04:58,270.8,271.1,270.7,271.1,5366
24-04-2019 04:57,270.65,270.95,270.65,270.9,730
24-04-2019 04:56,270.95,271,270.6,270.7,6305
24-04-2019 04:55,270.9,271,270.85,271,8369
24-04-2019 04:54,270.9,270.95,270.8,270.9,2309
24-04-2019 04:53,270.8,271,270.8,270.85,3703
24-04-2019 04:52,270.85,270.95,270.6,270.85,13549
24-04-2019 04:51,270.85,271,270.8,270.85,4069
24-04-2019 04:50,270.55,270.75,270.55,270.6,2443
24-04-2019 04:49,270.6,270.8,270.5,270.55,4908
24-04-2019 04:48,270.85,270.85,270.55,270.55,10462
24-04-2019 04:47,271.25,271.3,270.75,270.9,6844
24-04-2019 04:46,271.35,271.4,271.15,271.35,8072
24-04-2019 04:45,271.25,271.4,271.2,271.35,2950
24-04-2019 04:44,271.25,271.5,271.2,271.25,7886
24-04-2019 04:43,271.5,271.65,271.25,271.25,5487
24-04-2019 04:42,271.5,271.6,271.3,271.5,2055
24-04-2019 04:41,271.4,271.6,271.3,271.55,3889
24-04-2019 04:40,271.3,271.45,271.15,271.4,8187
24-04-2019 04:39,271,271.3,271,271.3,3480
24-04-2019 04:38,271.2,271.2,271.05,271.05,3852
24-04-2019 04:37,271.25,271.25,271.15,271.2,1250
24-04-2019 04:36,271.35,271.4,271.1,271.15,1587
24-04-2019 04:35,271.35,271.6,271.2,271.2,12488
24-04-2019 04:34,271.2,271.45,271.05,271.35,12256
24-04-2019 04:33,271.6,271.65,271.4,271.4,8961
24-04-2019 04:32,271.75,271.85,271.45,271.6,9479
24-04-2019 04:31,271.9,271.9,271.7,271.7,13868
24-04-2019 04:30,271.3,271.9,271.1,271.8,34346
24-04-2019 04:29,271.2,271.45,271.1,271.2,16806
24-04-2019 04:28,270.7,271.2,270.7,271.2,27708
24-04-2019 04:27,270.75,271.1,270.5,270.75,21900
24-04-2019 04:26,270.7,270.85,270.6,270.7,16370
24-04-2019 04:25,270.3,270.6,270.2,270.55,18571
24-04-2019 04:24,269.75,270.25,269.7,270.15,5868
24-04-2019 04:23,269.85,269.85,269.55,269.75,3828
24-04-2019 04:22,269.8,270,269.7,270,6597
24-04-2019 04:21,269.7,269.8,269.55,269.8,935
24-04-2019 04:20,269.6,269.7,269.5,269.7,1418
24-04-2019 04:19,269.75,269.75,269.6,269.6,3582
24-04-2019 04:18,269.65,269.9,269.6,269.75,4052
24-04-2019 04:17,269.6,269.65,269.55,269.65,441
24-04-2019 04:16,269.4,269.6,269.35,269.6,2801
24-04-2019 04:15,269.35,269.4,269.35,269.4,2094
24-04-2019 04:14,269.55,269.65,269.35,269.35,5336
24-04-2019 04:13,269.35,269.65,269.3,269.65,4725
24-04-2019 04:12,269.2,269.3,269.2,269.25,4996
24-04-2019 04:11,269,269.2,268.8,269.2,3354
24-04-2019 04:10,269.25,269.25,269.1,269.2,348
24-04-2019 04:09,269.1,269.25,269.1,269.25,1318
24-04-2019 04:08,269.25,269.4,269.1,269.15,10767
24-04-2019 04:07,269.35,269.4,269.15,269.25,2728
24-04-2019 04:06,269.3,269.4,269.2,269.35,1406
24-04-2019 04:05,269.05,269.35,269.05,269.25,382
24-04-2019 04:04,268.85,269.15,268.8,269.15,1697
24-04-2019 04:03,269,269.1,268.95,268.95,2291
24-04-2019 04:02,268.9,269,268.75,269,5385
24-04-2019 04:01,269.45,269.45,268.85,268.85,10484
24-04-2019 04:00,269.45,269.6,269.35,269.35,4801
24-04-2019 03:59,269.25,269.5,269.25,269.45,3444
24-04-2019 03:58,269.15,269.35,269.1,269.25,2378
24-04-2019 03:57,269.2,269.25,269.1,269.1,2224
24-04-2019 03:56,269.05,269.25,269.05,269.2,3464
24-04-2019 03:55,268.95,269.15,268.95,269.15,564
24-04-2019 03:54,269,269,268.6,268.95,2632
24-04-2019 03:53,269.15,269.25,268.9,268.9,1155
24-04-2019 03:52,269,269.4,269,269.25,6412
24-04-2019 03:51,268.8,269.05,268.6,269.05,4926
24-04-2019 03:50,268.9,269,268.6,268.75,5853
24-04-2019 03:49,268.95,269,268.65,269,3271
24-04-2019 03:48,268.7,268.85,268.5,268.85,8111
24-04-2019 03:47,268.45,268.7,268.3,268.6,9582
24-04-2019 03:46,268.6,268.75,268.25,268.5,14693
24-04-2019 03:45,269.45,269.5,268.7,268.7,8441
24-04-2019 03:44,269.2,269.5,269.05,269.5,939
24-04-2019 03:43,269.15,269.2,269,269.05,1142
24-04-2019 03:42,269.15,269.2,269.1,269.2,582
24-04-2019 03:41,269.05,269.1,268.95,268.95,3900
24-04-2019 03:40,268.9,269.15,268.9,269.05,8213
24-04-2019 03:39,269.3,269.35,268.9,268.9,4472
24-04-2019 03:38,269.25,269.3,269.1,269.25,568
24-04-2019 03:37,269.2,269.35,269.15,269.25,1856
24-04-2019 03:36,268.9,269.05,268.9,269.05,1198
24-04-2019 03:35,269.2,269.2,268.9,268.95,2595
24-04-2019 03:34,269.05,269.4,269.05,269.2,7446
24-04-2019 03:33,269.6,269.6,269,269,7955
24-04-2019 03:32,269.5,269.75,269.45,269.5,2015
24-04-2019 03:31,269.5,269.7,269.3,269.6,5903
24-04-2019 03:30,269.25,269.65,269.25,269.4,6107
24-04-2019 03:29,269.2,269.25,269.15,269.25,1671
24-04-2019 03:28,269.05,269.25,268.9,269.25,4411
24-04-2019 03:27,268.95,269.05,268.9,269.05,4173
24-04-2019 03:26,269.05,269.1,268.85,269,29212
24-04-2019 03:25,269.25,269.25,269.1,269.1,5239
24-04-2019 03:24,269.1,269.35,269.1,269.35,4942
24-04-2019 03:23,269.3,269.45,269.2,269.2,3684
24-04-2019 03:22,269.3,269.45,269.1,269.3,17694
24-04-2019 03:21,269.6,269.75,269.45,269.45,4883
24-04-2019 03:20,269.65,269.75,269.55,269.75,731
24-04-2019 03:19,269.75,269.8,269.55,269.55,1209
24-04-2019 03:18,269.7,269.7,269.55,269.6,2219
24-04-2019 03:17,269.65,269.8,269.6,269.6,2784
24-04-2019 03:16,269.8,269.8,269.65,269.7,94
24-04-2019 03:15,269.9,269.95,269.65,269.65,2529
24-04-2019 03:14,270,270,269.8,269.95,1236
24-04-2019 03:13,269.75,270,269.75,270,802
24-04-2019 03:12,269.6,270,269.6,269.8,1198
24-04-2019 03:11,269.95,270,269.55,269.6,2980
24-04-2019 03:10,270,270.1,269.9,270.05,1457
24-04-2019 03:09,270.2,270.2,269.7,269.95,6116
24-04-2019 03:08,270.4,270.4,270.1,270.1,2810
24-04-2019 03:07,269.95,270.4,269.95,270.3,10151
24-04-2019 03:06,269.55,269.95,269.5,269.95,10358
24-04-2019 03:05,269.45,269.65,269.4,269.6,2244
24-04-2019 03:04,269.6,269.6,269.4,269.5,2528
24-04-2019 03:03,269.4,269.65,269.25,269.65,7960
24-04-2019 03:02,269.45,269.45,269.1,269.4,13954
24-04-2019 03:01,269.65,269.75,269.3,269.4,13436
24-04-2019 03:00,269.75,269.8,269.55,269.65,13467
24-04-2019 02:59,269.9,270.1,269.6,269.75,17133
24-04-2019 02:58,270.15,270.5,269.75,269.9,22483
24-04-2019 02:57,270.45,270.45,270.15,270.2,13454
24-04-2019 02:56,270.55,270.55,270.3,270.45,3918
24-04-2019 02:55,271,271.1,270.6,270.6,10991
24-04-2019 02:54,271,271.05,270.9,271.05,1159
24-04-2019 02:53,271.05,271.05,271,271,2954
24-04-2019 02:52,270.95,271.05,270.9,271.05,3351
24-04-2019 02:51,270.8,271,270.8,270.85,1588
24-04-2019 02:50,270.6,270.95,270.55,270.8,5453
24-04-2019 02:49,270.8,270.8,270.65,270.75,6133
24-04-2019 02:48,271.25,271.25,270.8,270.9,14731
24-04-2019 02:47,271.55,271.55,271.25,271.25,1052
24-04-2019 02:46,271.5,271.6,271.4,271.6,1531
24-04-2019 02:45,271.55,271.65,271.55,271.6,869
24-04-2019 02:44,271.75,271.75,271.65,271.65,579
24-04-2019 02:43,271.35,271.75,271.2,271.75,2333
24-04-2019 02:42,271.6,271.6,271.3,271.5,1413
24-04-2019 02:41,271.55,271.55,271.4,271.5,1415
24-04-2019 02:40,271.45,271.55,271.4,271.55,3377
24-04-2019 02:39,271.5,271.5,271.3,271.45,2440
24-04-2019 02:38,271.5,271.5,271.3,271.3,1869
24-04-2019 02:37,271.2,271.5,271.2,271.5,2230
24-04-2019 02:36,271,271.1,271,271.1,7035
24-04-2019 02:35,271.5,271.5,271,271,8493
24-04-2019 02:34,271.45,271.45,271,271.3,17328
24-04-2019 02:33,271.55,271.55,271.4,271.5,2122
24-04-2019 02:32,271.65,271.7,271.6,271.6,401
24-04-2019 02:31,271.7,271.7,271.4,271.55,5349
24-04-2019 02:30,271.8,271.8,271.65,271.7,1064
24-04-2019 02:29,271.55,271.9,271.5,271.8,7296
24-04-2019 02:28,271.65,271.65,271.5,271.5,730
24-04-2019 02:27,271.6,271.75,271.6,271.7,702
24-04-2019 02:26,271.75,272,271.7,271.7,1846
24-04-2019 02:25,271.75,271.75,271.6,271.7,591
24-04-2019 02:24,271.9,272,271.75,271.75,3717
24-04-2019 02:23,271.75,271.9,271.6,271.6,736
24-04-2019 02:22,272,272.15,271.8,272,2751
24-04-2019 02:21,271.7,272,271.65,272,3314
24-04-2019 02:20,272.1,272.1,271.7,271.7,11516
24-04-2019 02:19,272.1,272.15,272,272,613
24-04-2019 02:18,271.6,272.1,271.6,272,23107
24-04-2019 02:17,271.65,271.7,271.6,271.65,234
24-04-2019 02:16,271.5,271.6,271.4,271.6,2783
24-04-2019 02:15,271.6,271.6,271.4,271.4,4930
24-04-2019 02:14,271.65,271.85,271.5,271.5,5543
24-04-2019 02:13,271.85,271.9,271.55,271.8,10535
24-04-2019 02:12,272.05,272.1,271.9,271.95,1015
24-04-2019 02:11,272.2,272.2,271.95,272.05,8322
24-04-2019 02:10,272.05,272.3,272.05,272.1,5605
24-04-2019 02:09,272.15,272.3,271.9,272.05,3131
24-04-2019 02:08,272.05,272.15,271.8,272.05,9442
24-04-2019 02:07,272.35,272.35,271.85,271.85,8992
24-04-2019 02:06,272.4,272.5,272.2,272.35,7772
24-04-2019 02:05,272.45,272.6,272.4,272.5,12464
24-04-2019 02:04,271.95,272.7,271.9,272.5,39572
24-04-2019 02:03,271.7,272,271.65,271.85,15649
24-04-2019 02:02,271.9,271.95,271.7,271.7,4503
24-04-2019 02:01,271.7,271.95,271.7,271.95,1896
24-04-2019 02:00,272,272,271.75,271.75,6000
24-04-2019 01:59,271.9,272.15,271.85,272,13510
24-04-2019 01:58,271.45,271.8,271.45,271.8,14422
24-04-2019 01:57,271.5,271.6,271.4,271.4,3839
24-04-2019 01:56,271.45,271.5,271.4,271.5,572
24-04-2019 01:55,271.4,271.5,271.4,271.4,2548
24-04-2019 01:54,271.6,271.7,271.4,271.4,3732
24-04-2019 01:53,271.55,271.7,271.55,271.6,2455
24-04-2019 01:52,271.6,271.65,271.55,271.55,258
24-04-2019 01:51,271.5,271.65,271.4,271.5,2992
24-04-2019 01:50,271.6,271.65,271.4,271.5,8505
24-04-2019 01:49,271.5,271.7,271.5,271.6,1301
24-04-2019 01:48,271.65,271.75,271.6,271.6,6105
24-04-2019 01:47,271.65,271.65,271.4,271.6,5462
24-04-2019 01:46,271.6,271.75,271.6,271.65,2345
24-04-2019 01:45,271.3,271.75,271.3,271.65,13278
24-04-2019 01:44,270.95,271.25,270.95,271.25,4525
24-04-2019 01:43,271.1,271.1,270.95,270.95,835
24-04-2019 01:42,271.1,271.2,270.95,270.95,6663
24-04-2019 01:41,270.95,271.05,270.85,270.95,1107
24-04-2019 01:40,271,271,270.95,270.95,1913
24-04-2019 01:39,271.15,271.15,271,271,1909
24-04-2019 01:38,271.45,271.45,271.1,271.2,3977
24-04-2019 01:37,271.3,271.45,271.3,271.45,5035
24-04-2019 01:36,271.2,271.35,271.2,271.35,530
24-04-2019 01:35,271.45,271.5,271.15,271.35,6365
24-04-2019 01:34,271.2,271.5,271.1,271.45,9354
24-04-2019 01:33,271.1,271.2,271.05,271.05,1162
24-04-2019 01:32,270.9,271.2,270.8,271.2,2777
24-04-2019 01:31,271.2,271.2,270.9,270.9,4685
24-04-2019 01:30,270.6,271.3,270.5,271.25,7945
24-04-2019 01:29,270.85,270.85,270.3,270.6,10207
24-04-2019 01:28,270.55,270.85,270.5,270.85,6360
24-04-2019 01:27,270.3,270.75,270.2,270.75,10962
24-04-2019 01:26,270.8,270.9,270.2,270.3,15571
24-04-2019 01:25,270.7,271,270.55,270.9,8247
24-04-2019 01:24,271.05,271.2,270.7,270.7,25043
24-04-2019 01:23,271.2,271.25,271.05,271.05,1531
24-04-2019 01:22,271.15,271.3,271.1,271.25,1287
24-04-2019 01:21,271.3,271.4,271.1,271.35,2356
24-04-2019 01:20,271.45,271.45,271,271.25,2849
24-04-2019 01:19,271.25,271.5,271.25,271.45,2201
24-04-2019 01:18,271.15,271.5,270.9,271.25,12851
24-04-2019 01:17,271.4,271.45,271.05,271.15,5080
24-04-2019 01:16,271.5,271.5,271.15,271.35,7691
24-04-2019 01:15,271.6,271.6,271.4,271.5,4416
24-04-2019 01:14,271.45,271.7,271.35,271.5,3232
24-04-2019 01:13,271.5,271.9,271.4,271.7,8381
24-04-2019 01:12,271.8,271.8,271.45,271.5,11711
24-04-2019 01:11,271.75,272,271.75,271.75,9064
24-04-2019 01:10,271.15,271.85,271.15,271.75,4533
24-04-2019 01:09,271.5,271.5,271,271.15,6272
24-04-2019 01:08,271.7,271.8,271.5,271.55,4893
24-04-2019 01:07,271.35,271.95,271.35,271.8,17930
24-04-2019 01:06,271.4,271.4,271.2,271.35,4709
24-04-2019 01:05,271.4,271.55,271.35,271.4,10692
24-04-2019 01:04,271.5,271.5,271.2,271.35,8215
24-04-2019 01:03,271.6,271.8,271.4,271.4,13826
24-04-2019 01:02,271.95,272.15,271.5,271.6,33260
24-04-2019 01:01,270.9,271.9,270.85,271.85,34072
24-04-2019 01:00,270.7,271,270.7,271,26721
24-04-2019 00:59,270.05,270.7,270.05,270.7,25674
24-04-2019 00:58,269.6,269.95,269.3,269.95,12422
24-04-2019 00:57,269.7,269.7,269.55,269.6,3301
24-04-2019 00:56,269.2,269.75,269.2,269.65,6541
24-04-2019 00:55,269.55,269.55,269.1,269.15,5842
24-04-2019 00:54,269.65,269.65,269.4,269.45,2196
24-04-2019 00:53,269.65,269.75,269.5,269.6,1514
24-04-2019 00:52,269.75,269.9,269.6,269.65,12066
24-04-2019 00:51,269.75,269.9,269.65,269.7,6445
24-04-2019 00:50,269.6,269.75,269.5,269.75,5605
24-04-2019 00:49,269.35,269.6,269.35,269.55,10841
24-04-2019 00:48,269.2,269.3,269.15,269.3,4348
24-04-2019 00:47,269,269.3,269,269.2,7225
24-04-2019 00:46,268.7,269,268.7,269,5369
24-04-2019 00:45,268.95,268.95,268.65,268.65,5600
24-04-2019 00:44,268.85,269,268.8,268.85,3118
24-04-2019 00:43,268.75,268.95,268.45,268.85,11903
24-04-2019 00:42,268.7,268.95,268.35,268.55,15034
24-04-2019 00:41,268.35,268.75,268.3,268.5,21387
24-04-2019 00:40,268.05,268.4,267.95,268.3,16800
24-04-2019 00:39,268.85,268.85,267.8,268.15,27852
24-04-2019 00:38,268.65,268.85,268.65,268.8,5242
24-04-2019 00:37,268.6,268.85,268.25,268.6,13337
24-04-2019 00:36,268.95,268.95,268.45,268.5,19004
24-04-2019 00:35,268.85,268.95,268.7,268.95,8586
24-04-2019 00:34,269.15,269.2,268.75,269.1,19601
24-04-2019 00:33,269.3,269.4,269.15,269.15,18034
24-04-2019 00:32,269.7,269.75,269.2,269.3,12596
24-04-2019 00:31,270.05,270.05,269.6,269.7,13776
24-04-2019 00:30,270.3,270.3,270,270.05,10993
24-04-2019 00:29,270.25,270.45,270.25,270.3,2878
24-04-2019 00:28,270.2,270.45,270.2,270.25,2685
24-04-2019 00:27,270.45,270.5,269.8,270.2,13191
24-04-2019 00:26,270.7,270.7,270.25,270.4,16487
24-04-2019 00:25,270.85,271.05,270.7,270.75,3838
24-04-2019 00:24,271.25,271.3,270.85,270.85,29658
24-04-2019 00:23,271.4,271.45,271.25,271.25,1677
24-04-2019 00:22,271.55,271.6,271.4,271.4,9834
24-04-2019 00:21,271.4,271.5,271.35,271.45,5637
24-04-2019 00:20,271.15,271.5,271.15,271.25,6368
24-04-2019 00:19,271.25,271.4,271.15,271.15,8139
24-04-2019 00:18,271.45,271.45,271.2,271.25,3529
24-04-2019 00:17,271.4,271.45,271.1,271.4,4760
24-04-2019 00:16,271.45,271.6,271.35,271.4,6546
24-04-2019 00:15,271.35,271.45,271.2,271.45,13884
24-04-2019 00:14,271.1,271.35,271.1,271.1,7843
24-04-2019 00:13,271.3,271.3,270.9,271,9483
24-04-2019 00:12,271.25,271.4,271.2,271.3,3151
24-04-2019 00:11,271.15,271.3,271.1,271.15,5944
24-04-2019 00:10,271.3,271.35,271,271.25,8720
24-04-2019 00:09,271.3,271.35,270.6,271.25,10133
24-04-2019 00:08,271.3,271.6,271,271.25,19430
24-04-2019 00:07,271,271.5,271,271.35,7575
24-04-2019 00:06,270.8,271.05,270.6,271.05,8450
24-04-2019 00:05,270.55,270.9,270.55,270.8,4228
24-04-2019 00:04,270.4,270.7,270.4,270.5,12696
24-04-2019 00:03,270.15,270.4,270,270.3,15361
24-04-2019 00:02,270.4,270.45,270.05,270.1,5311
24-04-2019 00:01,270.8,270.8,270.3,270.4,10827
24-04-2019 00:00,270.1,270.75,269.95,270.7,17202
23-04-2019 23:59,270.15,270.2,269.85,270.1,26443
23-04-2019 23:58,270.3,270.45,270.15,270.15,15587
23-04-2019 23:57,270.35,270.8,270.35,270.45,26438
23-04-2019 23:56,270.7,270.75,270.25,270.4,22244
23-04-2019 23:55,271.5,271.5,270.65,270.7,19719
23-04-2019 23:54,271.35,271.5,271.15,271.5,9863
23-04-2019 23:53,271.25,271.5,271.1,271.25,6515
23-04-2019 23:52,271.85,271.95,271,271.05,13861
23-04-2019 23:51,272.15,272.15,271.8,271.9,6371
23-04-2019 23:50,271.7,272.15,271.7,272.05,13142
23-04-2019 23:49,271.2,271.85,271.2,271.75,10925
23-04-2019 23:48,271.6,271.6,270.6,271,19519
23-04-2019 23:47,271.6,271.75,271.3,271.6,14601
23-04-2019 23:46,271.8,271.8,271.05,271.75,37416
23-04-2019 23:45,270.95,271.95,269.95,271.6,43202
23-04-2019 05:59,270.25,270.9,270.2,270.45,7025
23-04-2019 05:58,270.2,270.5,270.2,270.5,5343
23-04-2019 05:57,270.25,270.35,270,270,12393
23-04-2019 05:56,270.2,270.55,270.15,270.25,12957
23-04-2019 05:55,270,270.35,270,270.2,8416
23-04-2019 05:54,270.45,270.45,270.05,270.15,6540
23-04-2019 05:53,270.3,270.7,269.9,270.45,19349
23-04-2019 05:52,269.85,270.75,269.7,270.5,36242
23-04-2019 05:51,270.3,270.3,269.65,269.9,27425
23-04-2019 05:50,271.95,272,270.2,270.3,63899
23-04-2019 05:49,271.65,272.35,271.65,272,38797
23-04-2019 05:48,271.5,271.75,271.3,271.65,22339
23-04-2019 05:47,271.7,272,271.5,271.5,26198
23-04-2019 05:46,271.4,271.9,271.35,271.5,41131
23-04-2019 05:45,271.2,271.6,271,271.45,39484
23-04-2019 05:44,270.6,271.2,270.4,271.05,27908
23-04-2019 05:43,270.45,270.75,270.35,270.6,10392
23-04-2019 05:42,270.45,270.75,270,270.45,14730
23-04-2019 05:41,271.15,271.15,270.3,270.55,25777
23-04-2019 05:40,271,271.4,270.8,271.05,26920
23-04-2019 05:39,270.5,271,270.5,270.9,19826
23-04-2019 05:38,270.7,270.85,270.45,270.65,24444
23-04-2019 05:37,270.05,270.95,269.9,270.75,37032
23-04-2019 05:36,269.15,270.1,269.05,270.05,32857
23-04-2019 05:35,269.25,269.35,268.8,269.1,24343
23-04-2019 05:34,269.05,269.4,269.05,269.2,12648
23-04-2019 05:33,269.2,269.5,269,269,12347
23-04-2019 05:32,269.15,269.3,268.7,269,32685
23-04-2019 05:31,269.2,269.35,268.75,269.15,48033
23-04-2019 05:30,269.7,269.75,269.2,269.35,33316
23-04-2019 05:29,270.1,270.15,269.8,269.8,16721
23-04-2019 05:28,270.05,270.25,269.85,270.25,7934
23-04-2019 05:27,270.25,270.4,270,270,14475
23-04-2019 05:26,269.95,270.4,269.8,270.4,10141
23-04-2019 05:25,270.3,270.5,269.95,269.95,17316
23-04-2019 05:24,270.5,270.5,269.9,270.3,15118
23-04-2019 05:23,270.2,270.6,270.2,270.3,9491
23-04-2019 05:22,270.4,270.45,270.1,270.2,22694
23-04-2019 05:21,270.45,270.75,270.4,270.4,19415
23-04-2019 05:20,269.9,270.6,269.9,270.45,24590
23-04-2019 05:19,269.5,269.9,269.45,269.8,35504
23-04-2019 05:18,269.9,270,269.75,269.75,21469
23-04-2019 05:17,270.25,270.3,269.95,270,10691
23-04-2019 05:16,270.2,270.7,270.2,270.2,9281
23-04-2019 05:15,270,270.35,269.8,270.1,21617
23-04-2019 05:14,270.05,270.45,269.95,270,17833
23-04-2019 05:13,270.55,270.6,269.75,270.05,47493
23-04-2019 05:12,270.85,271,270.35,270.6,23576
23-04-2019 05:11,270.85,271.2,270.7,270.8,16837
23-04-2019 05:10,270.5,270.95,270.35,270.8,24388
23-04-2019 05:09,271,271,270.4,270.55,22113
23-04-2019 05:08,270.9,271.2,270.6,270.95,23521
23-04-2019 05:07,271.05,271.25,270.6,270.75,45591
23-04-2019 05:06,272,272.1,271.1,271.1,53619
23-04-2019 05:05,272.15,272.15,272,272,44558
23-04-2019 05:04,272.4,272.6,272.1,272.1,4404
23-04-2019 05:03,272.6,272.7,272.4,272.4,8864
23-04-2019 05:02,272.7,272.7,272.45,272.45,4447
23-04-2019 05:01,272.5,272.8,272.4,272.8,16340
23-04-2019 05:00,272,272.6,272,272.6,14271
23-04-2019 04:59,272.25,272.25,272,272,34347
23-04-2019 04:58,272.15,272.3,272.05,272.05,4593
23-04-2019 04:57,272.1,272.25,272,272.15,12044
23-04-2019 04:56,272,272.65,272,272.1,12183
23-04-2019 04:55,272.05,272.2,272,272,18372
23-04-2019 04:54,272.3,272.4,272.1,272.1,3915
23-04-2019 04:53,272.6,272.6,272.3,272.4,3151
23-04-2019 04:52,272.6,272.7,272.35,272.4,5423
23-04-2019 04:51,272.5,272.75,272.45,272.6,1327
23-04-2019 04:50,272.4,272.6,272.4,272.4,2208
23-04-2019 04:49,272.45,272.75,272.35,272.75,4632
23-04-2019 04:48,272.2,272.45,272.2,272.4,5755
23-04-2019 04:47,272.1,272.35,272,272.25,16168
23-04-2019 04:46,272.2,272.35,272.15,272.15,3867
23-04-2019 04:45,272.15,272.15,271.95,272,14332
23-04-2019 04:44,272,272.2,272,272,39450
23-04-2019 04:43,272.3,272.3,272,272,25636
23-04-2019 04:42,272.1,272.3,272.05,272.3,10022
23-04-2019 04:41,272.25,272.5,272.05,272.1,10446
23-04-2019 04:40,272.85,272.85,272.3,272.5,6669
23-04-2019 04:39,273.1,273.1,272.85,273,11192
23-04-2019 04:38,273,273.1,272.85,272.85,2557
23-04-2019 04:37,273.2,273.2,273,273,8993
23-04-2019 04:36,273.25,273.35,273.05,273.05,4895
23-04-2019 04:35,273,273.25,273,273.25,5449
23-04-2019 04:34,273.1,273.3,272.9,273.05,5059
23-04-2019 04:33,273,273.25,273,273,5118
23-04-2019 04:32,272.9,273.3,272.9,273,18087
23-04-2019 04:31,272.55,272.8,272.55,272.8,3755
23-04-2019 04:30,272.8,272.85,272.7,272.85,7180
23-04-2019 04:29,272.8,272.8,272.7,272.75,1439
23-04-2019 04:28,272.65,272.8,272.65,272.8,101
23-04-2019 04:27,272.6,272.6,272.6,272.6,8696
23-04-2019 04:26,272.9,272.9,272.75,272.75,300
23-04-2019 04:25,272.7,272.9,272.7,272.85,12674
23-04-2019 04:23,272.5,272.5,272.5,272.5,6587
23-04-2019 04:21,272.6,272.6,272.6,272.6,2040
23-04-2019 04:19,272.9,272.9,272.8,272.9,11963
23-04-2019 04:18,272.5,272.5,272.3,272.4,2998
23-04-2019 04:17,272.3,272.55,272.3,272.4,7099
23-04-2019 04:16,272.65,272.7,272.35,272.35,5402
23-04-2019 04:15,272.8,272.8,272.55,272.55,681
23-04-2019 04:14,272.65,272.8,272.55,272.6,5610
23-04-2019 04:13,272.65,272.65,272.45,272.55,5951
23-04-2019 04:12,272.8,272.95,272.6,272.6,3036
23-04-2019 04:11,272.75,272.9,272.5,272.85,4729
23-04-2019 04:10,272.7,272.75,272.6,272.65,1794
23-04-2019 04:09,272.5,272.8,272.5,272.7,13551
23-04-2019 04:08,272.45,272.65,272.45,272.55,1135
23-04-2019 04:07,272.45,272.6,272.3,272.3,718
23-04-2019 04:06,272.6,272.6,272.3,272.4,4230
23-04-2019 04:05,272.5,272.65,272.45,272.6,504
23-04-2019 04:04,272.4,272.6,272.3,272.3,4066
23-04-2019 04:03,272.55,272.55,272.3,272.4,2716
23-04-2019 04:02,272.45,272.8,272.4,272.55,6928
23-04-2019 04:01,272.15,272.45,272.1,272.45,7047
23-04-2019 04:00,272,272.25,272,272.1,3698
23-04-2019 03:59,272.25,272.3,271.9,272.2,13580
23-04-2019 03:58,272.5,272.5,272,272.3,26853
23-04-2019 03:57,272.3,272.55,272.3,272.4,753
23-04-2019 03:56,272.3,272.45,272.3,272.35,3019
23-04-2019 03:55,272.25,272.4,272.15,272.4,3256
23-04-2019 03:54,272.3,272.35,272.15,272.3,2480
23-04-2019 03:53,272.35,272.35,272.05,272.25,8909
23-04-2019 03:52,272.55,272.6,272.1,272.15,13127
23-04-2019 03:51,272.4,272.5,272.25,272.45,3923
23-04-2019 03:50,272.65,272.65,272.3,272.4,14870
23-04-2019 03:49,272.85,272.85,272.55,272.55,2223
23-04-2019 03:48,272.75,273,272.55,272.85,6974
23-04-2019 03:47,272.8,272.85,272.6,272.7,1569
23-04-2019 03:46,273.4,273.4,272.75,272.85,11077
23-04-2019 03:45,273.2,273.6,273.2,273.5,17605
23-04-2019 03:44,273.15,273.4,273,273.4,2800
23-04-2019 03:43,273.05,273.2,273,273.2,2631
23-04-2019 03:42,273,273.2,272.9,273.05,6604
23-04-2019 03:41,273,273,272.8,273,1123
23-04-2019 03:40,272.75,273,272.7,273,2076
23-04-2019 03:39,273.05,273.1,272.7,272.7,4503
23-04-2019 03:38,272.9,272.95,272.75,272.8,2673
23-04-2019 03:37,273.05,273.1,272.95,273.05,1791
23-04-2019 03:36,273.1,273.2,272.9,273,5024
23-04-2019 03:35,273.1,273.2,273,273.05,825
23-04-2019 03:34,273.2,273.2,272.95,273,12629
23-04-2019 03:33,273.4,273.4,273.15,273.2,2849
23-04-2019 03:32,273.25,273.4,273.2,273.4,3300
23-04-2019 03:31,273.25,273.25,272.95,273.15,5608
23-04-2019 03:30,272.95,273.4,272.95,273.4,4794
23-04-2019 03:29,273.2,273.3,272.85,272.95,7448
23-04-2019 03:28,272.65,273.1,272.65,273,6699
23-04-2019 03:27,272.55,272.8,272.35,272.8,9670
23-04-2019 03:26,272.6,272.6,272.5,272.5,3053
23-04-2019 03:25,272.55,272.8,272.55,272.65,2937
23-04-2019 03:24,273,273,272.5,272.6,3469
23-04-2019 03:23,272.75,273,272.75,272.85,769
23-04-2019 03:22,272.85,272.85,272.6,272.75,1606
23-04-2019 03:21,272.8,272.8,272.7,272.75,351
23-04-2019 03:20,272.95,273.25,272.8,272.8,2347
23-04-2019 03:19,272.7,273.1,272.65,272.95,22248
23-04-2019 03:18,272.9,272.9,272.7,272.75,4901
23-04-2019 03:17,272.7,272.9,272.55,272.9,5108
23-04-2019 03:16,272.45,272.8,272.4,272.8,4965
23-04-2019 03:15,272.6,272.6,272.35,272.55,6050
23-04-2019 03:14,272.75,273,272.6,272.65,6541
23-04-2019 03:13,272.45,272.6,272.35,272.6,2074
23-04-2019 03:12,272.9,272.9,272.45,272.45,6876
23-04-2019 03:11,272.6,272.9,272.55,272.9,2472
23-04-2019 03:10,272.7,272.9,272.55,272.6,4106
23-04-2019 03:09,272.55,272.75,272.45,272.7,2037
23-04-2019 03:08,272.7,272.8,272.45,272.6,14210
23-04-2019 03:07,272.6,272.8,272.45,272.55,7363
23-04-2019 03:06,272.7,272.8,272.5,272.65,5774
23-04-2019 03:05,272.8,272.95,272.7,272.7,1829
23-04-2019 03:04,272.8,272.8,272.6,272.7,5975
23-04-2019 03:03,273.2,273.2,272.7,272.8,7282
23-04-2019 03:02,273.5,273.5,273.2,273.2,6109
23-04-2019 03:01,273.7,273.7,273.25,273.5,8555
23-04-2019 03:00,273.05,273.75,273.05,273.6,10370
23-04-2019 02:59,272.65,273.25,272.5,273.2,15869
23-04-2019 02:58,272.65,272.8,272.65,272.65,2323
23-04-2019 02:57,272.9,272.9,272.5,272.6,6672
23-04-2019 02:56,272.4,272.8,272.4,272.8,5636
23-04-2019 02:55,272.5,272.7,272.4,272.45,2771
23-04-2019 02:54,272.7,272.9,272.3,272.5,14627
23-04-2019 02:53,272.7,272.9,272.55,272.55,1745
23-04-2019 02:52,272.6,272.9,272.55,272.9,4442
23-04-2019 02:51,272.5,272.7,272.45,272.6,4072
23-04-2019 02:50,272.75,272.8,272.5,272.5,6463
23-04-2019 02:49,272.8,272.9,272.75,272.75,8407
23-04-2019 02:48,272.4,272.65,272.4,272.65,11091
23-04-2019 02:47,272.4,272.65,272.4,272.5,9705
23-04-2019 02:46,272.65,272.8,272.4,272.45,11871
23-04-2019 02:45,272.8,272.95,272.55,272.55,8111
23-04-2019 02:44,272.7,273,272.5,272.9,26376
23-04-2019 02:43,273,273,272.7,272.8,11735
23-04-2019 02:42,273,273.3,272.8,273.15,18358
23-04-2019 02:41,273.6,273.6,273,273,3449
23-04-2019 02:40,273.1,273.45,273,273.45,15348
23-04-2019 02:39,273.2,273.25,272.9,273.05,22455
23-04-2019 02:38,273.3,273.4,273.05,273.4,12920
23-04-2019 02:37,273.4,273.5,273.15,273.15,8465
23-04-2019 02:36,273.75,273.8,273.4,273.4,11025
23-04-2019 02:35,273.9,274,273.6,273.75,15433
23-04-2019 02:34,273.9,274.15,273.7,273.9,19029
23-04-2019 02:33,274,274,273.7,273.7,7439
23-04-2019 02:32,273.7,274,273.65,274,10934
23-04-2019 02:31,273.75,273.95,273.5,273.7,14168
23-04-2019 02:30,273.4,273.95,273.4,273.6,27162
23-04-2019 02:29,273.45,273.6,273.3,273.5,19806
23-04-2019 02:28,273.6,273.8,273.4,273.5,15062
23-04-2019 02:27,273.6,273.85,273.35,273.7,27557
23-04-2019 02:26,274,274,273.55,273.55,32929
23-04-2019 02:25,272.95,274.1,272.95,273.9,109133
23-04-2019 02:24,272.25,272.6,272.1,272.3,8964
23-04-2019 02:23,272.1,272.2,272.05,272.1,7453
23-04-2019 02:22,272.25,272.25,272,272.05,10738
23-04-2019 02:21,272.5,272.6,272.2,272.4,16087
23-04-2019 02:20,272.4,272.6,272.35,272.4,8927
23-04-2019 02:19,272.3,272.6,272.25,272.45,18751
23-04-2019 02:18,272.45,272.45,272.15,272.3,11470
23-04-2019 02:17,272.15,272.45,272,272.45,18213
23-04-2019 02:16,271.95,272.3,271.95,272.2,10952
23-04-2019 02:15,271.8,271.9,271.7,271.7,6110
23-04-2019 02:14,271.9,272.2,271.8,271.9,15396
23-04-2019 02:13,271.9,272,271.75,271.9,6804
23-04-2019 02:12,271.75,271.95,271.75,271.75,19351
23-04-2019 02:11,271.6,271.8,271.55,271.8,4500
23-04-2019 02:10,271.5,271.6,271.45,271.55,3394
23-04-2019 02:09,271.55,271.8,271.4,271.5,12934
23-04-2019 02:08,271.6,271.65,271.4,271.5,9161
23-04-2019 02:07,271.65,271.8,271.5,271.5,9292
23-04-2019 02:06,271.45,271.6,271.35,271.5,11513
23-04-2019 02:05,271.4,271.6,271.3,271.35,23864
23-04-2019 02:04,271.2,271.45,271.15,271.45,7531
23-04-2019 02:03,271.25,271.4,271.05,271.1,6878
23-04-2019 02:02,271.3,271.4,271.2,271.25,12510
23-04-2019 02:01,271.45,271.45,271.2,271.2,5700
23-04-2019 02:00,271.2,271.45,271.2,271.45,12565
23-04-2019 01:59,270.7,271.3,270.7,271.2,22262
23-04-2019 01:58,270.65,270.85,270.65,270.75,2251
23-04-2019 01:57,270.6,270.85,270.6,270.85,3277
23-04-2019 01:56,270.65,270.85,270.55,270.7,3796
23-04-2019 01:55,270.5,270.8,270.5,270.65,2912
23-04-2019 01:54,270.45,270.65,270.35,270.65,4951
23-04-2019 01:53,270.25,270.55,270.25,270.45,7188
23-04-2019 01:52,270.05,270.4,270.05,270.4,1468
23-04-2019 01:51,270,270.1,269.9,270.1,5400
23-04-2019 01:50,270.05,270.05,269.85,269.9,3779
23-04-2019 01:49,270.1,270.1,269.85,270.05,16339
23-04-2019 01:48,270.4,270.4,270.15,270.25,2027
23-04-2019 01:47,270.6,270.75,270.25,270.4,6547
23-04-2019 01:46,270.65,270.65,270.4,270.55,11272
23-04-2019 01:45,270.5,270.7,270.4,270.6,7100
23-04-2019 01:44,270.3,270.5,270.25,270.5,2504
23-04-2019 01:43,270.4,270.4,270.05,270.25,12427
23-04-2019 01:42,270.4,270.5,270.35,270.45,3207
23-04-2019 01:41,270.25,270.55,270.25,270.55,4837
23-04-2019 01:40,270.7,270.8,270.2,270.35,22591
23-04-2019 01:39,270.8,270.9,270.65,270.7,2543
23-04-2019 01:38,270.9,271.1,270.65,270.65,9625
23-04-2019 01:37,271,271.1,270.85,270.85,4589
23-04-2019 01:36,270.85,271.05,270.85,271.05,4017
23-04-2019 01:35,271.1,271.1,270.85,270.95,13387
23-04-2019 01:34,271,271.5,270.9,271.2,24626
23-04-2019 01:33,270.95,271.1,270.9,271,20103
23-04-2019 01:32,270.55,271.05,270.55,270.85,16672
23-04-2019 01:31,270.9,271.25,270.75,270.85,51503
23-04-2019 01:30,270.5,271.2,270.5,271.2,57154
23-04-2019 01:29,269.8,270.5,269.8,270.5,30442
23-04-2019 01:28,269.8,270.1,269.7,269.8,7634
23-04-2019 01:27,269.65,270.15,269.65,269.9,16220
23-04-2019 01:26,269.75,270,269.6,269.65,5882
23-04-2019 01:25,269.7,270,269.35,269.85,17905
23-04-2019 01:24,269.4,269.7,269.4,269.5,20972
23-04-2019 01:23,269.4,269.4,269.2,269.35,3820
23-04-2019 01:22,269,269.5,268.95,269.35,3821
23-04-2019 01:21,269.3,269.35,268.9,269,13648
23-04-2019 01:20,269.5,269.5,269.3,269.3,7182
23-04-2019 01:19,269.8,269.8,269.4,269.5,7714
23-04-2019 01:18,269.6,269.9,269.6,269.8,1825
23-04-2019 01:17,269.8,270,269.5,269.8,32135
23-04-2019 01:16,269.85,269.9,269.65,269.75,4777
23-04-2019 01:15,269.6,269.9,269.6,269.85,3442
23-04-2019 01:14,269.6,269.95,269.5,269.5,19673
23-04-2019 01:13,269.6,269.7,269.35,269.65,2836
23-04-2019 01:12,269.1,269.7,269.05,269.2,6254
23-04-2019 01:11,269.05,269.4,269.05,269.2,1616
23-04-2019 01:10,269.6,269.65,269.05,269.05,5057
23-04-2019 01:09,269.45,269.8,269.45,269.55,14023
23-04-2019 01:08,269.5,269.7,269.35,269.35,2868
23-04-2019 01:07,269.4,269.65,269.4,269.5,1932
23-04-2019 01:06,269.6,269.7,269.2,269.5,5681
23-04-2019 01:05,269.5,269.85,269.35,269.45,12807
23-04-2019 01:04,269,269.5,268.8,269.45,11413
23-04-2019 01:03,268.6,269.1,268.6,269,2131
23-04-2019 01:02,269,269.1,268.55,268.55,5625
23-04-2019 01:01,268.95,269.15,268.75,268.95,6514
23-04-2019 01:00,269,269.05,268.9,268.95,1756
23-04-2019 00:59,269,269.2,269,269.1,14369
23-04-2019 00:58,268.85,269,268.8,268.95,2106
23-04-2019 00:57,269,269.1,268.7,268.85,9261
23-04-2019 00:56,269.3,269.4,268.85,268.9,7226
23-04-2019 00:55,269.45,269.5,269.1,269.3,4474
23-04-2019 00:54,269.3,269.5,269.05,269.4,9912
23-04-2019 00:53,269.5,269.5,268.95,269.4,11151
23-04-2019 00:52,269.3,269.5,269.05,269.35,14187
23-04-2019 00:51,268.8,269.3,268.8,269.3,15195
23-04-2019 00:50,268.7,268.9,268.5,268.9,8692
23-04-2019 00:49,268.3,268.75,268.1,268.7,10606
23-04-2019 00:48,267.95,268.3,267.85,268.2,3466
23-04-2019 00:47,268.5,268.55,267.9,267.95,13178
23-04-2019 00:46,268.35,268.6,268.15,268.25,4985
23-04-2019 00:45,268.2,268.6,268,268.35,6968
23-04-2019 00:44,267.9,268.4,267.75,268.35,11265
23-04-2019 00:43,268.15,268.2,267.55,267.8,9302
23-04-2019 00:42,268.25,268.45,267.9,268.1,10548
23-04-2019 00:41,267.85,268.1,267.7,268.1,10702
23-04-2019 00:40,267.7,268.2,267.5,267.55,18035
23-04-2019 00:39,268.05,268.2,267.8,267.95,8275
23-04-2019 00:38,268.2,268.3,267.9,268.05,11476
23-04-2019 00:37,268.05,268.35,267.95,268.1,11000
23-04-2019 00:36,268.2,268.3,267.7,268.05,39143
23-04-2019 00:35,268.5,268.5,268.15,268.35,36130
23-04-2019 00:34,268.35,268.8,268.35,268.5,7650
23-04-2019 00:33,268.95,269.1,268.35,268.35,27503
23-04-2019 00:32,269.05,269.15,268.8,269,6133
23-04-2019 00:31,269.1,269.45,269.05,269.1,8028
23-04-2019 00:30,269.4,269.4,268.85,269,4062
23-04-2019 00:29,269,269.45,269,269.4,4526
23-04-2019 00:28,269.2,269.35,268.8,268.8,4954
23-04-2019 00:27,269.3,269.35,269.05,269.2,2776
23-04-2019 00:26,269.3,269.6,269.3,269.4,7476
23-04-2019 00:25,268.85,269.45,268.75,269.35,12457
23-04-2019 00:24,268.7,269,268.65,268.8,3073
23-04-2019 00:23,269.1,269.15,268.75,268.8,9115
23-04-2019 00:22,268.8,269.25,268.8,269.15,11138
23-04-2019 00:21,268.85,269.35,268.85,268.95,12435
23-04-2019 00:20,268.65,269,268.65,268.85,7823
23-04-2019 00:19,269.2,269.2,268.6,268.6,26871
23-04-2019 00:18,269.3,269.5,269.05,269.2,6289
23-04-2019 00:17,269.85,269.85,269.1,269.35,13007
23-04-2019 00:16,269.95,270.15,269.85,270,8995
23-04-2019 00:15,269.85,270,269.5,270,10713
23-04-2019 00:14,269.9,270,269.75,269.85,9514
23-04-2019 00:13,269.9,270,269.75,269.9,6078
23-04-2019 00:12,270.2,270.25,269.6,269.9,39482
23-04-2019 00:11,269.75,269.9,269.65,269.9,19869
23-04-2019 00:10,269.5,269.95,269.35,269.9,8434
23-04-2019 00:09,269.95,269.95,269.45,269.5,8606
23-04-2019 00:08,269,269.85,269,269.75,18896
23-04-2019 00:07,269,269,268.8,268.95,2053
23-04-2019 00:06,269.1,269.25,268.65,268.65,3107
23-04-2019 00:05,268.65,269.3,268.6,269.1,16280
23-04-2019 00:04,268.85,269,268.45,268.7,6904
23-04-2019 00:03,268.6,268.9,268.5,268.9,3290
23-04-2019 00:02,268.8,269,268.4,268.6,16156
23-04-2019 00:01,268.95,268.95,268.7,268.8,4386
23-04-2019 00:00,269.4,269.4,268.8,269,6288
22-04-2019 23:59,268.8,269.1,268.65,269.05,6531
22-04-2019 23:58,269.3,269.45,268.7,269,28951
22-04-2019 23:57,269.8,269.8,269,269.3,15213
22-04-2019 23:56,268.9,269.9,268.9,269.65,28702
22-04-2019 23:55,269.35,269.35,268.8,268.8,20319
22-04-2019 23:54,270.15,270.25,269.1,269.25,28078
22-04-2019 23:53,269.7,270.35,269.65,270.1,29358
22-04-2019 23:52,269.8,269.8,269.25,269.6,18409
22-04-2019 23:51,268.75,269.75,268.75,269.7,21208
22-04-2019 23:50,268.8,269.45,268.7,268.95,28793
22-04-2019 23:49,268.65,268.85,268.2,268.7,17744
22-04-2019 23:48,268.6,269,268.5,268.85,33844
22-04-2019 23:47,267.95,268.8,267.9,268.5,33443
22-04-2019 23:46,267.35,267.9,267.2,267.8,28985
22-04-2019 23:45,267,267.65,267,267.45,0
